Rank,School,First Year Class,L75,L50,L25,G75,G50,G25,gre75v,gre50v,gre25v,gre75q,gre50q,gre25q,gre75w,gre50w,gre25w
1,Yale University,2018,176,173,170,3.98,3.92,3.84,,,,,,,,,
2,Stanford University,2018,174,171,169,3.99,3.93,3.82,,,,,,,,,
4,Harvard University,2018,175,173,170,3.97,3.9,3.8,,,,,,,,,
3,University of Chicago,2018,173,171,167,3.96,3.89,3.73,,,,,,,,,
4,Columbia University,2018,174,172,170,3.84,3.75,3.63,,,,,,,,,
7,New York University,2018,172,170,167,3.9,3.79,3.61,,,,,,,,,
6,University of Pennsylvania,2018,171,170,164,3.95,3.89,3.49,,,,,,,,,
10,University of Michigan,2018,171,169,165,3.89,3.77,3.55,,,,,,,,,
9,University of California—Berkeley,2018,170,168,165,3.9,3.8,3.64,,,,,,,,,
8,University of Virginia,2018,171,169,163,3.97,3.89,3.59,,,,,,,,,
11,Duke University,2018,170,169,167,3.87,3.78,3.66,,,,,,,,,
13,Northwestern University,2018,170,169,164,3.9,3.84,3.58,,,,,,,,,
12,Cornell University,2018,168,167,164,3.89,3.82,3.73,,,,,,,,,
14,Georgetown University,2018,168,167,163,3.9,3.8,3.56,,,,,,,,,
17,University of Texas at Austin,2018,168,167,160,3.88,3.74,3.47,,,,,,,,,
15,University of California—Los Angeles,2018,169,168,165,3.85,3.72,3.52,,,,,,,,,
17,Vanderbilt University,2018,168,167,161,3.87,3.8,3.61,,,,,,,,,
16,Washington University in St. Louis,2018,170,168,160,3.89,3.81,3.39,,,,,,,,,
20,University of Southern California,2018,167,166,163,3.89,3.78,3.61,,,,,,,,,
21,University of Minnesota,2018,166,164,161,3.88,3.76,3.52,,,,,,,,,
37,University of California—Irvine,2018,165,163,161,3.73,3.57,3.4,,,,,,,,,
17,Boston University,2018,167,166,160,3.84,3.74,3.49,,,,,,,,,
30,Emory University,2018,166,165,158,3.91,3.79,3.51,,,,,,,,,
25,George Washington University,2018,166,165,160,3.8,3.71,3.37,,,,,,,,,
25,University of Notre Dame,2018,166,165,159,3.89,3.71,3.49,,,,,,,,,
35,Washington and Lee University,2018,164,163,158,3.68,3.51,3.21,,,,,,,,,
25,University of Alabama,2018,165,164,157,3.95,3.88,3.42,,,,,,,,,
30,Arizona State University,2018,164,163,158,3.9,3.76,3.37,,,,,,,,,
37,Boston College,2018,164,164,161,3.68,3.62,3.42,,,,,,,,,
28,University of Iowa,2018,163,161,157,3.77,3.61,3.45,,,,,,,,,
43,University of Wisconsin,2018,164,162,158,3.76,3.58,3.23,,,,,,,,,
29,University of Georgia,2018,164,163,159,3.85,3.67,3.39,,,,,,,,,
43,Indiana University - Bloomington,2018,163,162,157,3.88,3.72,3.49,,,,,,,,,
30,Ohio State University,2018,163,161,157,3.91,3.75,3.55,,,,,,,,,
37,Wake Forest University,2018,163,162,160,3.72,3.58,3.38,,,,,,,,,
49,University of Washington,2018,165,163,158,3.8,3.69,3.44,,,,,,,,,
37,University of California—Davis,2018,165,162,157,3.74,3.63,3.37,,,,,,,,,
37,Fordham University,2018,166,164,161,3.7,3.6,3.38,,,,,,,,,
35,University of Illinois—Urbana Champaign,2018,164,162,157,3.8,3.65,3.25,,,,,,,,,
30,William & Mary Law School,2018,164,162,156,3.9,3.76,3.4,,,,,,,,,
45,University of Arizona,2018,162,161,155,3.82,3.7,3.32,,,,,,,,,
23,Brigham Young University,2018,166,164,160,3.91,3.8,3.51,,,,,,,,,
21,University of Florida (Levin),2018,164,163,155,3.84,3.72,3.33,,,,,,,,,
30,George Mason University,2018,164,163,157,3.88,3.76,3.45,,,,,,,,,
23,University of North Carolina,2018,163,161,158,3.75,3.59,3.36,,,,,,,,,
49,University of Colorado—Boulder,2018,164,162,156,3.82,3.71,3.41,,,,,,,,,
47,Florida State University,2018,161,160,157,3.79,3.63,3.34,,,,,,,,,
63,Temple University,2018,163,161,157,3.7,3.54,3.31,,,,,,,,,
47,University of Maryland,2018,161,158,154,3.7,3.56,3.28,,,,,,,,,
58,Baylor University,2018,161,160,157,3.76,3.59,3.31,,,,,,,,,
64,University of Connecticut,2018,161,158,155,3.62,3.45,3.2,,,,,,,,,
52,University of Richmond,2018,162,161,156,3.69,3.59,3.24,,,,,,,,,
58,Southern Methodist University,2018,163,161,155,3.8,3.68,3.43,,,,,,,,,
55,Tulane University,2018,161,159,156,3.64,3.46,3.16,,,,,,,,,
37,University of Utah,2018,161,159,157,3.72,3.56,3.32,,,,,,,,,
52,Yeshiva University (Cardozo),2018,162,161,157,3.71,3.52,3.24,,,,,,,,,
58,University of Houston,2018,161,160,156,3.75,3.61,3.35,,,,,,,,,
51,University of California (Hastings),2018,161,158,156,3.59,3.44,3.24,,,,,,,,,
58,Pennsylvania State - Dickinson Law,2018,162,160,158,3.66,3.43,3.21,,,,,,,,,
73,Seton Hall University,2018,160,158,154,3.7,3.49,3.15,,,,,,,,,
67,University of Nevada—Las Vegas,2018,160,158,154,3.79,3.66,3.44,,,,,,,,,
78,University of Denver,2018,160,158,154,3.63,3.45,3.19,,,,,,,,,
88,University of Oklahoma,2018,159,157,154,3.78,3.6,3.3,,,,,,,,,
78,Case Western Reserve University,2018,161,159,155,3.67,3.46,3.23,,,,,,,,,
88,University of Cincinnati,2018,160,157,154,3.82,3.62,3.34,,,,,,,,,
78,Georgia State University,2018,160,158,155,3.64,3.47,3.25,,,,,,,,,
67,University of Kentucky,2018,157,155,152,3.73,3.46,3.22,,,,,,,,,
67,Loyola Marymount University—Los Angeles,2018,162,160,157,3.72,3.58,3.37,,,,,,,,,
73,University of Miami,2018,161,158,155,3.65,3.43,3.17,,,,,,,,,
67,University of Missouri,2018,160,157,155,3.7,3.49,3.04,,,,,,,,,
56,University of Tennessee,2018,160,158,154,3.78,3.62,3.25,,,,,,,,,
56,Villanova University,2018,160,158,154,3.74,3.57,3.35,,,,,,,,,
67,University of Kansas,2018,160,157,153,3.76,3.57,3.28,,,,,,,,,
73,Loyola University—Chicago,2018,160,157,154,3.6,3.43,3.18,,,,,,,,,
73,Northeastern University,2018,163,161,156,3.79,3.6,3.37,,,,,,,,,
64,Pennsylvania State - Penn State Law,2018,160,159,155,3.74,3.58,3.32,,,,,,,,,
78,University of Pittsburgh,2018,159,157,154,3.6,3.39,3.09,,,,,,,,,
86,Rutgers University (merged),2018,158,155,153,3.6,3.36,3.08,,,,,,,,,
73,American University,2018,160,158,155,3.58,3.43,3.08,,,,,,,,,
78,University of Nebraska,2018,160,156,153,3.84,3.66,3.39,,,,,,,,,
46,Texas A&M University,2018,158,157,155,3.7,3.51,3.27,,,,,,,,,
98,Brooklyn Law School,2018,159,157,155,3.57,3.38,3.2,,,,,,,,,
84,St. John's University,2018,160,159,153,3.76,3.61,3.33,,,,,,,,,
94,Illinois Institute of Technology (Chicago-Kent College of Law),2018,160,157,151,3.64,3.44,3.09,,,,,,,,,
105,University of New Hampshire,2018,159,156,153,3.67,3.46,3.15,,,,,,,,,
67,University of Oregon,2018,159,157,154,3.58,3.38,3.15,,,,,,,,,
86,"University of Arkansas, Fayetteville",2018,157,154,151,3.74,3.46,3.17,,,,,,,,,
105,Louisiana State University,2018,157,154,150,3.73,3.46,3.16,,,,,,,,,
91,Michigan State University,2018,157,154,152,3.73,3.51,3.24,,,,,,,,,
91,University of New Mexico,2018,156,153,151,3.64,3.4,3.09,,,,,,,,,
98,Saint Louis University,2018,159,155,152,3.68,3.45,3.18,,,,,,,,,
84,University of South Carolina,2018,157,155,153,3.65,3.41,3.19,,,,,,,,,
103,Syracuse University,2018,156,154,152,3.61,3.38,3.13,,,,,,,,,
88,Lewis And Clark College,2018,161,158,155,3.67,3.38,3.1,,,,,,,,,
105,Marquette University,2018,156,154,150,3.61,3.42,3.16,,,,,,,,,
64,University of San Diego,2018,161,159,156,3.69,3.53,3.23,,,,,,,,,
98,Indiana University - Indianapolis,2018,156,153,149,3.66,3.45,3.14,,,,,,,,,
111,Stetson University,2018,157,155,153,3.59,3.36,3.06,,,,,,,,,
58,Wayne State University,2018,161,158,155,3.69,3.5,3.26,,,,,,,,,
78,Drexel University,2018,158,156,153,3.61,3.43,3.08,,,,,,,,,
98,Florida International University,2018,157,156,152,3.76,3.63,3.38,,,,,,,,,
91,University of Hawaii,2018,157,154,152,3.63,3.32,3.01,,,,,,,,,
111,University of Mississippi,2018,157,155,150,3.65,3.46,3.11,,,,,,,,,
118,University of Tulsa,2018,157,154,150,3.63,3.48,3.09,,,,,,,,,
122,Albany Law School Of Union University,2018,156,153,151,3.62,3.32,3.06,,,,,,,,,
114,University of Maine,2018,157,154,150,3.65,3.47,3.12,,,,,,,,,
94,University of Buffalo—SUNY,2018,156,153,150,3.64,3.41,3.15,,,,,,,,,
118,West Virginia University,2018,155,153,151,3.64,3.38,3.04,,,,,,,,,
94,Catholic University Of America,2018,156,153,150,3.58,3.41,3.17,,,,,,,,,
118,Hofstra University,2018,155,153,148,3.67,3.42,3.11,,,,,,,,,
129,New York Law School,2018,155,153,150,3.58,3.36,3.13,,,,,,,,,
127,Cleveland State University,2018,156,153,150,3.64,3.43,3.1,,,,,,,,,
116,Gonzaga University,2018,156,154,152,3.58,3.32,3.09,,,,,,,,,
94,University of Louisville,2018,156,153,151,3.61,3.37,3.13,,,,,,,,,
133,Santa Clara University,2018,157,155,152,3.49,3.32,3.04,,,,,,,,,
127,University of St. Thomas (Minnesota),2018,158,154,150,3.71,3.53,3.21,,,,,,,,,
105,Texas Tech University,2018,157,155,152,3.64,3.44,3.18,,,,,,,,,
122,"Baltimore, University Of",2018,155,152,150,3.49,3.25,2.91,,,,,,,,,
129,Duquesne University,2018,154,152,150,3.69,3.38,3.13,,,,,,,,,
142,University of Idaho,2018,155,153,148,3.55,3.25,2.93,,,,,,,,,
114,University of Missouri—Kansas City,2018,156,153,151,3.76,3.41,3.15,,,,,,,,,
103,University of Montana,2018,158,155,152,3.64,3.37,3.06,,,,,,,,,
105,Washburn University,2018,155,153,150,3.69,3.35,2.98,,,,,,,,,
133,CUNY,2018,158,154,150,3.58,3.28,3.01,,,,,,,,,
139,Creighton University,2018,156,153,150,3.6,3.29,3.03,,,,,,,,,
142,Pace University,2018,153,151,149,3.53,3.3,2.99,,,,,,,,,
105,DePaul University,2018,154,153,150,3.41,3.2,2.94,,,,,,,,,
98,Howard University,2018,155,151,149,3.54,3.24,3.01,,,,,,,,,
122,Mercer University,2018,154,152,149,3.58,3.31,2.98,,,,,,,,,
116,Seattle University,2018,157,154,150,3.54,3.32,3.03,,,,,,,,,
133,University of South Dakota,2018,153,150,147,3.65,3.27,3.01,,,,,,,,,
111,Drake University,2018,156,153,151,3.75,3.46,3.18,,,,,,,,,
147-192,Quinnipiac University,2018,154,152,149,3.67,3.47,3.12,,,,,,,,,
142,Vermont Law School,2018,156,151,147,3.56,3.25,2.8,,,,,,,,,
129,University of Wyoming,2018,156,152,150,3.67,3.39,3.09,,,,,,,,,
142,University of Memphis,2018,155,152,148,3.63,3.41,2.93,,,,,,,,,
147-192,University of Toledo,2018,154,152,147,3.7,3.44,3.18,,,,,,,,,
133,Belmont University,2018,157,155,153,3.7,3.5,3.31,,,,,,,,,
118,Chapman University,2018,158,157,154,3.56,3.42,3.17,,,,,,,,,
147-192,"University of Arkansas, Little Rock",2018,155,151,147,3.59,3.3,3.06,,,,,,,,,
122,University of Dayton,2018,152,149,146,3.56,3.29,3.03,,,,,,,,,
147-192,Widener-commonwealth,2018,148,147,145,3.45,3.13,2.83,,,,,,,,,
147-192,University of Akron,2018,156,153,151,3.56,3.28,3.04,,,,,,,,,
147-192,Northern Illinois University,2018,152,149,148,3.44,3.09,2.75,,,,,,,,,
122,Suffolk University,2018,156,153,149,3.57,3.36,3.13,,,,,,,,,
147-192,Appalachian School of Law,2018,147,144,143,3.32,3.05,2.64,,,,,,,,,
147-192,Atlanta's John Marshall Law School,2018,152,149,147,3.38,3.01,2.6,,,,,,,,,
Unranked,Ave Maria School Of Law,2018,151,148,145,3.35,3.05,2.73,,,,,,,,,
147-192,Barry University,2018,151,148,146,3.38,3.02,2.66,,,,,,,,,
147-192,California Western School Of Law,2018,152,150,148,3.39,3.17,2.91,,,,,,,,,
147-192,Campbell University,2018,155,152,150,3.56,3.3,3.06,,,,,,,,,
147-192,Capital University,2018,152,149,147,3.54,3.25,3.01,,,,,,,,,
147-192,Charleston School Of Law,2018,150,147,145,3.45,3.15,2.81,,,,,,,,,
139,University of Detroit Mercy,2018,155,152,149,3.51,3.27,3.06,,,,,,,,,
147-192,University of the District of Columbia,2018,150,147,145,3.17,2.92,2.72,,,,,,,,,
147-192,Elon University,2018,153,150,147,3.54,3.26,3.03,,,,,,,,,
147-192,Faulkner University,2018,151,149,146,3.43,3.13,2.94,,,,,,,,,
147-192,Florida A&M University,2018,149,146,145,3.36,3.09,2.79,,,,,,,,,
,,2018,153,150,147,3.36,3.14,2.83,,,,,,,,,
147-192,Golden Gate University,2018,152,150,147,3.3,3.03,2.65,,,,,,,,,
147-192,John Marshall Law School,2018,152,149,146,3.5,3.18,2.79,,,,,,,,,
147-192,Liberty University,2018,156,152,149,3.68,3.36,3.08,,,,,,,,,
133,Loyola University—New Orleans,2018,155,152,148,3.48,3.14,2.89,,,,,,,,,
133,University of the Pacific (Mcgeorge),2018,156,153,148,3.57,3.32,3.06,,,,,,,,,
147-192,Mississippi College,2018,151,148,145,3.52,3.05,2.7,,,,,,,,,
147-192,Mitchell Hamline,2018,155,151,147,3.5,3.14,2.86,,,,,,,,,
147-192,New England Law | Boston,2018,153,150,147,3.43,3.16,2.82,,,,,,,,,
147-192,North Carolina Central University,2018,150,146,144,3.5,3.26,3.07,,,,,,,,,
147-192,University of North Dakota,2018,150,148,145,3.48,3.13,2.86,,,,,,,,,
147-192,Northern Kentucky University,2018,153,150,147,3.53,3.25,2.95,,,,,,,,,
147-192,Nova Southeastern University,2018,153,150,148,3.34,3.11,2.79,,,,,,,,,
147-192,Ohio Northern University,2018,152,151,147,3.72,3.52,3.08,,,,,,,,,
147-192,Oklahoma City University,2018,152,149,146,3.55,3.2,2.87,,,,,,,,,
142,Regent University,2018,158,154,150,3.73,3.55,3.27,,,,,,,,,
147-192,Roger Williams University,2018,151,148,145,3.51,3.28,3,,,,,,,,,
139,Samford University,2018,154,151,149,3.57,3.31,3.1,,,,,,,,,
147-192,University of San Francisco,2018,155,152,151,3.42,3.19,2.96,,,,,,,,,
147-192,South Texas College Of Law—Houston,2018,154,151,148,3.36,3.1,2.84,,,,,,,,,
147-192,Southern Illinois University—Carbondale,2018,151,150,147,3.48,3.1,2.7,,,,,,,,,
147-192,Southern University,2018,146,144,142,3.13,2.83,2.55,,,,,,,,,
147-192,Southwestern Law School,2018,155,153,150,3.49,3.22,2.98,,,,,,,,,
147-192,St. Mary's University,2018,154,151,148,3.48,3.19,2.89,,,,,,,,,
147-192,St. Thomas University (Florida),2018,151,148,146,3.41,3.1,2.77,,,,,,,,,
147-192,Texas Southern University,2018,147,144,143,3.37,3.03,2.73,,,,,,,,,
147-192,Touro College,2018,150,148,146,3.26,3,2.71,,,,,,,,,
147-192,University of Massachusetts Dartmouth,2018,152,148,147,3.44,3.19,2.89,,,,,,,,,
147-192,Western Michigan University (Cooley),2018,147,142,139,3.33,3.02,2.64,,,,,,,,,
147-192,Western New England University,2018,152,148,146,3.62,3.29,2.82,,,,,,,,,
147-192,Western State College Of Law,2018,151,148,146,3.4,3.02,2.81,,,,,,,,,
147-192,Widener University—Delaware,2018,151,148,147,3.48,3.17,2.89,,,,,,,,,
129,Willamette University,2018,156,152,149,3.45,3.13,2.71,,,,,,,,,
Unranked,Inter American University Of Puerto Rico,2018,143,139,135,3.43,3.15,2.81,,,,,,,,,
147-192,Lincoln Memorial,2018,152,149,147,3.51,3.07,2.72,,,,,,,,,
52,Pepperdine University,2018,161,160,155,3.79,3.63,3.35,,,,,,,,,
Unranked,Pontifical Catholic University Of P.R.,2018,139,134,132,3.69,3.44,3.12,,,,,,,,,
Unranked,University of Puerto Rico,2018,147,142,138,3.79,3.55,3.31,,,,,,,,,
Unranked,UNT Dallas College Of Law,2018,153,150,148,3.32,3.08,2.68,,,,,,,,,
1,Yale University,2019,175,173,170,3.99,3.93,3.85,,,,,,,,,
2,Stanford University,2019,174,171,169,3.96,3.91,3.79,,,,,,,,,
4,Harvard University,2019,175,173,170,3.96,3.89,3.79,,,,,,,,,
3,University of Chicago,2019,172,170,167,3.96,3.9,3.78,,,,,,,,,
4,Columbia University,2019,173,172,169,3.89,3.8,3.69,,,,,,,,,
7,New York University,2019,172,170,167,3.89,3.8,3.63,,,,,,,,,
6,University of Pennsylvania,2019,171,170,163,3.96,3.89,3.54,,,,,,,,,
10,University of Michigan,2019,170,169,163,3.88,3.81,3.56,,,,,,,,,
9,University of California—Berkeley,2019,170,168,165,3.9,3.81,3.7,,,,,,,,,
8,University of Virginia,2019,172,170,164,3.96,3.9,3.47,,,,,,,,,
11,Duke University,2019,170,169,167,3.87,3.78,3.65,,,,,,,,,
13,Northwestern University,2019,171,169,165,3.92,3.85,3.56,,,,,,,,,
12,Cornell University,2019,169,168,165,3.91,3.81,3.71,,,,,,,,,
14,Georgetown University,2019,169,168,163,3.89,3.78,3.55,,,,,,,,,
17,University of Texas at Austin,2019,169,168,165,3.89,3.72,3.48,,,,,,,,,
15,University of California—Los Angeles,2019,169,168,164,3.89,3.79,3.51,,,,,,,,,
17,Vanderbilt University,2019,168,167,162,3.87,3.8,3.56,,,,,,,,,
16,Washington University in St. Louis,2019,170,169,162,3.93,3.83,3.4,,,,,,,,,
20,University of Southern California,2019,167,166,163,3.91,3.8,3.65,,,,,,,,,
21,University of Minnesota,2019,166,165,161,3.87,3.75,3.48,,,,,,,,,
37,University of California—Irvine,2019,167,165,162,3.74,3.59,3.39,,,,,,,,,
17,Boston University,2019,168,166,161,3.86,3.78,3.56,,,,,,,,,
30,Emory University,2019,166,165,158,3.9,3.8,3.43,,,,,,,,,
25,George Washington University,2019,167,166,159,3.83,3.73,3.39,,,,,,,,,
25,University of Notre Dame,2019,166,165,160,3.87,3.74,3.5,,,,,,,,,
35,Washington and Lee University,2019,164,163,157,3.73,3.64,3.43,,,,,,,,,
25,University of Alabama,2019,166,164,157,4,3.91,3.54,,,,,,,,,
30,Arizona State University,2019,165,164,156,3.91,3.81,3.39,,,,,,,,,
37,Boston College,2019,165,164,161,3.73,3.64,3.45,,,,,,,,,
28,University of Iowa,2019,163,161,156,3.77,3.64,3.41,,,,,,,,,
43,University of Wisconsin,2019,164,162,156,3.79,3.65,3.42,,,,,,,,,
29,University of Georgia,2019,165,164,157,3.87,3.73,3.46,,,,,,,,,
43,Indiana University - Bloomington,2019,163,162,155,3.93,3.79,3.57,,,,,,,,,
30,Ohio State University,2019,163,161,158,3.86,3.76,3.61,,,,,,,,,
37,Wake Forest University,2019,163,162,156,3.81,3.68,3.5,,,,,,,,,
49,University of Washington,2019,164,162,158,3.79,3.68,3.5,,,,,,,,,
37,University of California—Davis,2019,164,162,159,3.75,3.61,3.41,,,,,,,,,
37,Fordham University,2019,166,164,161,3.76,3.64,3.43,,,,,,,,,
35,University of Illinois—Urbana Champaign,2019,164,162,157,3.82,3.7,3.42,,,,,,,,,
30,William & Mary Law School,2019,164,163,159,3.89,3.76,3.46,,,,,,,,,
45,University of Arizona,2019,163,162,160,3.82,3.65,3.36,,,,,,,,,
23,Brigham Young University,2019,167,164,160,3.92,3.82,3.6,,,,,,,,,
21,University of Florida (Levin),2019,166,164,156,3.89,3.8,3.34,,,,,,,,,
30,George Mason University,2019,165,164,158,3.86,3.75,3.39,,,,,,,,,
23,University of North Carolina,2019,162,161,158,3.77,3.63,3.46,,,,,,,,,
49,University of Colorado—Boulder,2019,165,163,157,3.81,3.61,3.36,,,,,,,,,
47,Florida State University,2019,161,160,155,3.84,3.73,3.48,,,,,,,,,
63,Temple University,2019,163,161,158,3.72,3.56,3.28,,,,,,,,,
47,University of Maryland,2019,161,159,153,3.79,3.66,3.49,,,,,,,,,
58,Baylor University,2019,161,160,157,3.72,3.6,3.38,,,,,,,,,
64,University of Connecticut,2019,161,159,157,3.67,3.49,3.27,,,,,,,,,
52,University of Richmond,2019,162,161,155,3.7,3.6,3.27,,,,,,,,,
58,Southern Methodist University,2019,163,161,155,3.83,3.7,3.33,,,,,,,,,
55,Tulane University,2019,161,159,154,3.65,3.5,3.27,,,,,,,,,
37,University of Utah,2019,162,160,157,3.8,3.6,3.43,,,,,,,,,
52,Yeshiva University (Cardozo),2019,163,162,157,3.74,3.6,3.39,,,,,,,,,
58,University of Houston,2019,161,160,156,3.75,3.61,3.33,,,,,,,,,
51,University of California (Hastings),2019,160,158,154,3.62,3.45,3.2,,,,,,,,,
58,Pennsylvania State - Dickinson Law,2019,162,161,158,3.73,3.4,3.05,,,,,,,,,
73,Seton Hall University,2019,160,158,153,3.69,3.5,3.18,,,,,,,,,
67,University of Nevada—Las Vegas,2019,161,159,154,3.81,3.69,3.28,,,,,,,,,
78,University of Denver,2019,161,159,155,3.66,3.49,3.18,,,,,,,,,
88,University of Oklahoma,2019,159,157,153,3.78,3.63,3.34,,,,,,,,,
78,Case Western Reserve University,2019,161,159,156,3.76,3.63,3.36,,,,,,,,,
88,University of Cincinnati,2019,159,157,153,3.82,3.64,3.39,,,,,,,,,
78,Georgia State University,2019,160,158,156,3.66,3.51,3.34,,,,,,,,,
67,University of Kentucky,2019,158,155,154,3.8,3.62,3.36,,,,,,,,,
67,Loyola Marymount University—Los Angeles,2019,162,160,157,3.73,3.57,3.3,,,,,,,,,
73,University of Miami,2019,161,158,156,3.64,3.44,3.24,,,,,,,,,
67,University of Missouri,2019,160,157,152,3.84,3.64,3.32,,,,,,,,,
56,University of Tennessee,2019,161,159,156,3.85,3.65,3.32,,,,,,,,,
56,Villanova University,2019,161,159,154,3.78,3.6,3.37,,,,,,,,,
67,University of Kansas,2019,159,157,152,3.87,3.65,3.34,,,,,,,,,
73,Loyola University—Chicago,2019,161,159,157,3.57,3.4,3.2,,,,,,,,,
73,Northeastern University,2019,163,162,156,3.75,3.63,3.4,,,,,,,,,
64,Pennsylvania State - Penn State Law,2019,161,160,153,3.8,3.65,3.34,,,,,,,,,
78,University of Pittsburgh,2019,160,158,155,3.71,3.49,3.22,,,,,,,,,
86,Rutgers University (merged),2019,158,156,153,3.63,3.41,3.13,,,,,,,,,
73,American University,2019,161,159,155,3.62,3.5,3.24,,,,,,,,,
78,University of Nebraska,2019,160,157,154,3.91,3.73,3.51,,,,,,,,,
46,Texas A&M University,2019,160,159,154,3.8,3.62,3.34,,,,,,,,,
98,Brooklyn Law School,2019,160,157,155,3.58,3.44,3.24,,,,,,,,,
84,St. John's University,2019,161,159,153,3.78,3.62,3.32,,,,,,,,,
94,Illinois Institute of Technology (Chicago-Kent College of Law),2019,160,158,153,3.69,3.49,3.11,,,,,,,,,
105,University of New Hampshire,2019,158,156,152,3.61,3.45,3.16,,,,,,,,,
67,University of Oregon,2019,160,157,154,3.65,3.51,3.26,,,,,,,,,
86,"University of Arkansas, Fayetteville",2019,158,156,153,3.69,3.5,3.15,,,,,,,,,
105,Louisiana State University,2019,157,155,152,3.72,3.48,3.19,,,,,,,,,
91,Michigan State University,2019,157,155,152,3.77,3.58,3.29,,,,,,,,,
91,University of New Mexico,2019,157,155,151,3.72,3.47,3.16,,,,,,,,,
98,Saint Louis University,2019,158,155,152,3.68,3.45,3.18,,,,,,,,,
84,University of South Carolina,2019,158,155,153,3.67,3.43,3.23,,,,,,,,,
103,Syracuse University,2019,157,154,152,3.61,3.33,3.04,,,,,,,,,
88,Lewis And Clark College,2019,161,158,155,3.67,3.46,3.19,,,,,,,,,
105,Marquette University,2019,156,154,150,3.63,3.44,3.25,,,,,,,,,
64,University of San Diego,2019,161,159,155,3.68,3.57,3.29,,,,,,,,,
98,Indiana University - Indianapolis,2019,157,154,150,3.64,3.44,3.14,,,,,,,,,
111,Stetson University,2019,158,155,153,3.55,3.3,3.05,,,,,,,,,
58,Wayne State University,2019,161,159,154,3.73,3.56,3.16,,,,,,,,,
78,Drexel University,2019,158,157,152,3.67,3.47,3.15,,,,,,,,,
98,Florida International University,2019,158,157,155,3.77,3.61,3.23,,,,,,,,,
91,University of Hawaii,2019,159,156,153,3.71,3.45,3.15,,,,,,,,,
111,University of Mississippi,2019,157,155,151,3.75,3.48,3.16,,,,,,,,,
118,University of Tulsa,2019,156,154,151,3.63,3.42,3.13,,,,,,,,,
122,Albany Law School Of Union University,2019,156,153,151,3.64,3.37,3.07,,,,,,,,,
114,University of Maine,2019,158,154,151,3.68,3.48,3.2,,,,,,,,,
94,University of Buffalo—SUNY,2019,157,154,151,3.75,3.49,3.19,,,,,,,,,
118,West Virginia University,2019,157,154,152,3.7,3.45,3.15,,,,,,,,,
94,Catholic University Of America,2019,158,155,152,3.61,3.42,3.21,,,,,,,,,
118,Hofstra University,2019,156,154,150,3.73,3.53,3.19,,,,,,,,,
129,New York Law School,2019,155,153,150,3.59,3.35,3.11,,,,,,,,,
127,Cleveland State University,2019,157,154,150,3.69,3.43,3.23,,,,,,,,,
116,Gonzaga University,2019,156,154,152,3.63,3.41,3.16,,,,,,,,,
94,University of Louisville,2019,157,154,151,3.67,3.46,3.16,,,,,,,,,
133,Santa Clara University,2019,159,156,153,3.53,3.33,3.1,,,,,,,,,
127,University of St. Thomas (Minnesota),2019,151,149,146,3.51,3.25,2.89,,,,,,,,,
105,Texas Tech University,2019,157,155,153,3.6,3.42,3.2,,,,,,,,,
122,"Baltimore, University Of",2019,156,153,150,3.44,3.19,2.92,,,,,,,,,
129,Duquesne University,2019,155,152,150,3.69,3.4,3.17,,,,,,,,,
142,University of Idaho,2019,155,153,148,3.57,3.28,2.98,,,,,,,,,
114,University of Missouri—Kansas City,2019,156,153,151,3.67,3.41,3.19,,,,,,,,,
103,University of Montana,2019,157,154,152,3.66,3.4,3.12,,,,,,,,,
105,Washburn University,2019,157,154,150,3.71,3.41,3.03,,,,,,,,,
133,CUNY,2019,158,154,151,3.63,3.36,3.11,,,,,,,,,
139,Creighton University,2019,155,152,150,3.54,3.19,2.95,,,,,,,,,
142,Pace University,2019,153,151,149,3.55,3.28,3,,,,,,,,,
105,DePaul University,2019,156,155,152,3.61,3.39,3.05,,,,,,,,,
98,Howard University,2019,156,152,149,3.58,3.33,3.09,,,,,,,,,
122,Mercer University,2019,155,153,151,3.6,3.37,3.12,,,,,,,,,
116,Seattle University,2019,157,155,151,3.57,3.37,3.08,,,,,,,,,
133,University of South Dakota,2019,154,152,147,3.78,3.44,3.15,,,,,,,,,
111,Drake University,2019,158,154,152,3.73,3.44,3.17,,,,,,,,,
147-192,Quinnipiac University,2019,154,152,150,3.77,3.46,3.26,,,,,,,,,
142,Vermont Law School,2019,154,150,145,3.51,3.24,2.88,,,,,,,,,
129,University of Wyoming,2019,154,152,150,3.55,3.32,3.11,,,,,,,,,
142,University of Memphis,2019,155,152,148,3.55,3.32,2.93,,,,,,,,,
147-192,University of Toledo,2019,155,152,148,3.62,3.31,3,,,,,,,,,
133,Belmont University,2019,158,156,153,3.84,3.63,3.28,,,,,,,,,
118,Chapman University,2019,160,158,155,3.64,3.49,3.28,,,,,,,,,
147-192,"University of Arkansas, Little Rock",2019,155,152,148,3.61,3.35,3.06,,,,,,,,,
122,University of Dayton,2019,153,150,147,3.67,3.38,3.05,,,,,,,,,
147-192,Widener-commonwealth,2019,151,149,146,3.47,3.1,2.84,,,,,,,,,
147-192,University of Akron,2019,155,153,151,3.67,3.45,3.05,,,,,,,,,
147-192,Northern Illinois University,2019,153,150,147,3.56,3.28,3.07,,,,,,,,,
122,Suffolk University,2019,156,152,149,3.55,3.33,3.08,,,,,,,,,
147-192,Appalachian School of Law,2019,149,145,143,3.4,3.13,2.64,,,,,,,,,
147-192,Atlanta's John Marshall Law School,2019,152,150,147,3.48,3.13,2.65,,,,,,,,,
Unranked,Ave Maria School Of Law,2019,152,148,146,3.5,3.21,2.87,,,,,,,,,
147-192,Barry University,2019,151,148,146,3.39,3.07,2.75,,,,,,,,,
147-192,California Western School Of Law,2019,153,151,149,3.44,3.26,2.99,,,,,,,,,
147-192,Campbell University,2019,155,153,150,3.54,3.33,3.08,,,,,,,,,
147-192,Capital University,2019,155,150,147,3.6,3.22,2.89,,,,,,,,,
147-192,Charleston School Of Law,2019,151,148,146,3.39,3.12,2.75,,,,,,,,,
139,University of Detroit Mercy,2019,155,153,150,3.46,3.24,3.02,,,,,,,,,
147-192,University of the District of Columbia,2019,150,148,146,3.35,3.08,2.87,,,,,,,,,
147-192,Elon University,2019,152,149,146,3.53,3.2,2.99,,,,,,,,,
147-192,Faulkner University,2019,153,150,147,3.56,3.08,2.82,,,,,,,,,
147-192,Florida A&M University,2019,149,146,145,3.43,3.1,2.87,,,,,,,,,
,,2019,151,147,146,3.36,2.94,2.66,,,,,,,,,
147-192,Golden Gate University,2019,152,150,147,3.38,3.14,2.79,,,,,,,,,
147-192,John Marshall Law School,2019,153,150,147,3.43,3.22,2.95,,,,,,,,,
147-192,Liberty University,2019,154,152,149,3.76,3.37,3.02,,,,,,,,,
133,Loyola University—New Orleans,2019,154,151,148,3.5,3.3,3,,,,,,,,,
133,University of the Pacific (Mcgeorge),2019,156,153,150,3.54,3.35,3.03,,,,,,,,,
147-192,Mississippi College,2019,152,148,145,3.43,3.19,2.89,,,,,,,,,
147-192,Mitchell Hamline,2019,156,152,148,3.54,3.23,2.87,,,,,,,,,
147-192,New England Law | Boston,2019,155,152,148,3.58,3.25,2.9,,,,,,,,,
147-192,North Carolina Central University,2019,149,146,144,3.48,3.24,2.94,,,,,,,,,
147-192,University of North Dakota,2019,152,149,145,3.66,3.3,2.97,,,,,,,,,
147-192,Northern Kentucky University,2019,154,151,148,3.53,3.28,3,,,,,,,,,
147-192,Nova Southeastern University,2019,153,151,149,3.4,3.16,2.85,,,,,,,,,
147-192,Ohio Northern University,2019,155,151,147,3.67,3.31,2.95,,,,,,,,,
147-192,Oklahoma City University,2019,152,149,146,3.5,3.29,2.95,,,,,,,,,
142,Regent University,2019,157,155,150,3.69,3.45,3.12,,,,,,,,,
147-192,Roger Williams University,2019,152,149,146,3.54,3.21,2.93,,,,,,,,,
139,Samford University,2019,156,153,150,3.65,3.48,3.25,,,,,,,,,
147-192,University of San Francisco,2019,155,153,151,3.51,3.29,3,,,,,,,,,
147-192,South Texas College Of Law—Houston,2019,155,152,150,3.38,3.15,2.85,,,,,,,,,
147-192,Southern Illinois University—Carbondale,2019,153,149,147,3.5,3.22,2.99,,,,,,,,,
147-192,Southern University,2019,147,145,142,3.31,2.99,2.68,,,,,,,,,
147-192,Southwestern Law School,2019,155,153,151,3.56,3.3,3.03,,,,,,,,,
147-192,St. Mary's University,2019,154,151,149,3.5,3.24,2.87,,,,,,,,,
147-192,St. Thomas University (Florida),2019,158,154,151,3.69,3.51,3.25,,,,,,,,,
147-192,Texas Southern University,2019,147,145,143,3.33,3.07,2.78,,,,,,,,,
147-192,Touro College,2019,151,149,147,3.39,3.1,2.75,,,,,,,,,
147-192,University of Massachusetts Dartmouth,2019,153,149,147,3.53,3.22,2.98,,,,,,,,,
147-192,Western Michigan University (Cooley),2019,150,145,141,3.32,2.95,2.62,,,,,,,,,
147-192,Western New England University,2019,152,148,146,3.67,3.36,2.95,,,,,,,,,
147-192,Western State College Of Law,2019,152,148,147,3.4,3.17,2.68,,,,,,,,,
147-192,Widener University—Delaware,2019,151,149,147,3.46,3.21,2.9,,,,,,,,,
129,Willamette University,2019,156,153,149,3.51,3.16,2.77,,,,,,,,,
Unranked,Inter American University Of Puerto Rico,2019,142,140,136,3.55,3.35,3.06,,,,,,,,,
147-192,Lincoln Memorial,2019,152,149,147,3.59,3.24,2.95,,,,,,,,,
52,Pepperdine University,2019,163,161,157,3.79,3.66,3.29,,,,,,,,,
Unranked,Pontifical Catholic University Of P.R.,2019,137,135,132,3.72,3.41,3.15,,,,,,,,,
Unranked,University of Puerto Rico,2019,149,145,142,3.84,3.63,3.31,,,,,,,,,
Unranked,UNT Dallas College Of Law,2019,153,151,148,3.45,3.19,2.78,,,,,,,,,
1,Yale University,2020,176,173,170,3.99,3.94,3.85,169,166,164,168,164,160,6,5.5,5.5
2,Stanford University,2020,174,171,169,3.96,3.89,3.77,,,,,,,,,
4,Harvard University,2020,175,173,170,3.96,3.88,3.78,169,167,164,168,163,160,5.5,5,4.5
3,University of Chicago,2020,173,171,167,3.95,3.89,3.72,,,,,,,,,
4,Columbia University,2020,173,172,169,3.91,3.82,3.72,170,166,164,168,162,156,5.5,5,4.5
7,New York University,2020,172,170,167,3.9,3.82,3.65,167,165,163,165,163,160,5.5,5,5
6,University of Pennsylvania,2020,171,170,164,3.95,3.89,3.57,163,162,157,163,161,158,5,5,4.5
10,University of Michigan,2020,170,169,164,3.88,3.76,3.56,,,,,,,,,
9,University of California—Berkeley,2020,170,168,163,3.93,3.81,3.65,,,,,,,,,
8,University of Virginia,2020,172,170,164,3.96,3.9,3.49,,,,,,,,,
11,Duke University,2020,169,169,167,3.89,3.8,3.7,,,,,,,,,
13,Northwestern University,2020,171,169,165,3.92,3.85,3.57,166,161,160,164,160,152,5.5,4.5,4.5
12,Cornell University,2020,169,168,164,3.93,3.86,3.76,164,162,160,166,163,160,5.5,5,4.5
14,Georgetown University,2020,169,168,164,3.88,3.78,3.55,168,165,162,163,158,154,5,5,4.5
17,University of Texas at Austin,2020,169,168,164,3.9,3.76,3.58,164,163,161,162,161,155,5,5,5
15,University of California—Los Angeles,2020,171,169,164,3.9,3.79,3.54,168,164,161,162,158,154,5,5,4.5
17,Vanderbilt University,2020,168,167,162,3.92,3.82,3.65,,,,,,,,,
16,Washington University in St. Louis,2020,170,169,162,3.95,3.88,3.41,,,,,,,,,
20,University of Southern California,2020,168,167,162,3.92,3.83,3.61,,,,,,,,,
21,University of Minnesota,2020,166,165,160,3.85,3.77,3.54,,,,,,,,,
37,University of California—Irvine,2020,167,166,163,3.76,3.61,3.4,,,,,,,,,
17,Boston University,2020,168,167,162,3.87,3.8,3.56,,,,,,,,,
30,Emory University,2020,167,166,159,3.89,3.8,3.47,,,,,,,,,
25,George Washington University,2020,167,166,159,3.85,3.76,3.45,,,,,,,,,
25,University of Notre Dame,2020,168,167,161,3.88,3.75,3.34,,,,,,,,,
35,Washington and Lee University,2020,164,163,157,3.79,3.63,3.32,,,,,,,,,
25,University of Alabama,2020,166,164,158,4,3.94,3.57,,,,,,,,,
30,Arizona State University,2020,166,165,156,3.95,3.83,3.36,,,,,,,,,
37,Boston College,2020,165,164,160,3.79,3.69,3.46,,,,,,,,,
28,University of Iowa,2020,163,161,156,3.78,3.64,3.44,,,,,,,,,
43,University of Wisconsin,2020,165,163,158,3.75,3.61,3.31,,,,,,,,,
29,University of Georgia,2020,166,165,157,3.88,3.78,3.5,,,,,,,,,
43,Indiana University - Bloomington,2020,164,162,157,3.93,3.78,3.43,,,,,,,,,
30,Ohio State University,2020,164,161,158,3.94,3.79,3.65,,,,,,,,,
37,Wake Forest University,2020,165,163,158,3.91,3.73,3.62,,,,,,,,,
49,University of Washington,2020,165,162,157,3.81,3.68,3.45,,,,,,,,,
37,University of California—Davis,2020,164,163,158,3.81,3.72,3.52,,,,,,,,,
37,Fordham University,2020,166,164,162,3.74,3.64,3.46,,,,,,,,,
35,University of Illinois—Urbana Champaign,2020,164,162,156,3.79,3.64,3.31,,,,,,,,,
30,William & Mary Law School,2020,164,163,161,3.79,3.6,3.39,,,,,,,,,
45,University of Arizona,2020,164,163,161,3.78,3.56,3.31,162,159,154,163,158,151,5,4.5,4
23,Brigham Young University,2020,168,166,161,3.92,3.82,3.55,,,,,,,,,
21,University of Florida (Levin),2020,166,165,156,3.94,3.84,3.52,,,,,,,,,
30,George Mason University,2020,165,164,157,3.87,3.77,3.42,,,,,,,,,
23,University of North Carolina,2020,164,163,159,3.78,3.68,3.5,,,,,,,,,
49,University of Colorado—Boulder,2020,164,163,158,3.77,3.65,3.39,,,,,,,,,
47,Florida State University,2020,162,161,156,3.82,3.72,3.48,,,,,,,,,
63,Temple University,2020,163,161,157,3.78,3.57,3.31,,,,,,,,,
47,University of Maryland,2020,162,160,154,3.76,3.66,3.35,,,,,,,,,
58,Baylor University,2020,162,160,157,3.82,3.63,3.45,,,,,,,,,
64,University of Connecticut,2020,160,158,156,3.68,3.53,3.34,,,,,,,,,
52,University of Richmond,2020,162,161,155,3.74,3.62,3.21,,,,,,,,,
58,Southern Methodist University,2020,164,162,156,3.84,3.73,3.44,,,,,,,,,
55,Tulane University,2020,161,159,155,3.7,3.54,3.25,,,,,,,,,
37,University of Utah,2020,163,161,159,3.87,3.77,3.62,,,,,,,,,
52,Yeshiva University (Cardozo),2020,164,162,157,3.78,3.65,3.41,,,,,,,,,
58,University of Houston,2020,162,160,157,3.74,3.57,3.29,,,,,,,,,
51,University of California (Hastings),2020,161,158,155,3.6,3.42,3.2,163,159,155,158,154,151,5,4,4
58,Pennsylvania State - Dickinson Law,2020,162,160,153,3.73,3.39,3.14,159,153,152,154,146,145,5.5,4.5,4
73,Seton Hall University,2020,160,158,154,3.79,3.55,3.32,,,,,,,,,
67,University of Nevada—Las Vegas,2020,161,159,154,3.8,3.67,3.28,,,,,,,,,
78,University of Denver,2020,161,159,155,3.75,3.55,3.2,,,,,,,,,
88,University of Oklahoma,2020,159,157,154,3.84,3.63,3.4,,,,,,,,,
78,Case Western Reserve University,2020,161,159,156,3.69,3.5,3.25,,,,,,,,,
88,University of Cincinnati,2020,161,158,155,3.85,3.65,3.32,,,,,,,,,
78,Georgia State University,2020,160,158,156,3.68,3.52,3.28,,,,,,,,,
67,University of Kentucky,2020,158,155,152,3.75,3.54,3.28,,,,,,,,,
67,Loyola Marymount University—Los Angeles,2020,161,160,157,3.73,3.59,3.38,,,,,,,,,
73,University of Miami,2020,161,159,156,3.71,3.53,3.3,,,,,,,,,
67,University of Missouri,2020,160,158,155,3.89,3.66,3.39,,,,,,,,,
56,University of Tennessee,2020,161,159,155,3.84,3.63,3.33,,,,,,,,,
56,Villanova University,2020,161,160,156,3.79,3.63,3.37,,,,,,,,,
67,University of Kansas,2020,160,157,153,3.8,3.66,3.32,,,,,,,,,
73,Loyola University—Chicago,2020,160,159,157,3.64,3.41,3.19,,,,,,,,,
73,Northeastern University,2020,164,162,158,3.78,3.65,3.36,,,,,,,,,
64,Pennsylvania State - Penn State Law,2020,162,160,155,3.83,3.72,3.36,,,,,,,,,
78,University of Pittsburgh,2020,161,159,155,3.76,3.51,3.22,,,,,,,,,
86,Rutgers University (merged),2020,158,156,154,3.59,3.31,3,,,,,,,,,
73,American University,2020,162,160,154,3.65,3.51,3.22,,,,,,,,,
78,University of Nebraska,2020,159,156,153,3.9,3.63,3.37,,,,,,,,,
46,Texas A&M University,2020,161,160,155,3.87,3.76,3.35,,,,,,,,,
98,Brooklyn Law School,2020,160,158,156,3.58,3.44,3.21,165,160,158,157,155,153,5,4.5,4
84,St. John's University,2020,162,160,152,3.8,3.62,3.28,,,,,,,,,
94,Illinois Institute of Technology (Chicago-Kent College of Law),2020,161,158,152,3.68,3.48,3.17,160,158,155,157,154,153,4.5,4.5,4
105,University of New Hampshire,2020,159,156,151,3.66,3.46,3.11,163,157,151,159,152,147,5,4.5,3.5
67,University of Oregon,2020,160,157,153,3.7,3.48,3.2,,,,,,,,,
86,"University of Arkansas, Fayetteville",2020,159,155,152,3.83,3.61,3.31,,,,,,,,,
105,Louisiana State University,2020,158,155,153,3.71,3.45,3.1,,,,,,,,,
91,Michigan State University,2020,158,156,153,3.74,3.56,3.33,,,,,,,,,
91,University of New Mexico,2020,158,155,150,3.73,3.5,3.22,,,,,,,,,
98,Saint Louis University,2020,158,155,151,3.69,3.45,3.18,,,,,,,,,
84,University of South Carolina,2020,158,156,153,3.7,3.5,3.33,,,,,,,,,
103,Syracuse University,2020,157,155,152,3.73,3.53,3.11,,,,,,,,,
88,Lewis And Clark College,2020,162,158,156,3.7,3.49,3.23,,,,,,,,,
105,Marquette University,2020,157,154,151,3.65,3.5,3.25,,,,,,,,,
64,University of San Diego,2020,161,159,155,3.75,3.65,3.33,,,,,,,,,
98,Indiana University - Indianapolis,2020,157,154,150,3.7,3.45,3.23,,,,,,,,,
111,Stetson University,2020,157,155,153,3.66,3.44,3.18,,,,,,,,,
58,Wayne State University,2020,161,159,154,3.8,3.65,3.4,,,,,,,,,
78,Drexel University,2020,158,156,152,3.7,3.56,3.3,,,,,,,,,
98,Florida International University,2020,159,158,156,3.78,3.65,3.35,,,,,,,,,
91,University of Hawaii,2020,157,154,151,3.6,3.42,3.17,159,155,152,157,153,148,4.5,4,4
111,University of Mississippi,2020,158,156,152,3.72,3.51,3.18,,,,,,,,,
118,University of Tulsa,2020,157,155,151,3.67,3.38,3.09,,,,,,,,,
122,Albany Law School Of Union University,2020,157,154,151,3.7,3.4,3.14,,,,,,,,,
114,University of Maine,2020,158,156,152,3.7,3.51,3.24,,,,,,,,,
94,University of Buffalo—SUNY,2020,158,155,152,3.75,3.52,3.25,158,156,153,155,153,150,4.5,4,4
118,West Virginia University,2020,156,154,151,3.8,3.45,3.06,,,,,,,,,
94,Catholic University Of America,2020,158,156,154,3.56,3.4,3.25,,,,,,,,,
118,Hofstra University,2020,157,154,151,3.62,3.37,3.08,,,,,,,,,
129,New York Law School,2020,155,153,150,3.66,3.47,3.21,,,,,,,,,
127,Cleveland State University,2020,156,153,150,3.61,3.35,3.03,,,,,,,,,
116,Gonzaga University,2020,156,153,152,3.63,3.43,3.22,,,,,,,,,
94,University of Louisville,2020,157,155,151,3.88,3.63,3.35,,,,,,,,,
133,Santa Clara University,2020,158,156,154,3.54,3.34,3.11,,,,,,,,,
127,University of St. Thomas (Minnesota),2020,159,154,149,3.76,3.51,3.23,,,,,,,,,
105,Texas Tech University,2020,158,156,154,3.73,3.56,3.28,,,,,,,,,
122,"Baltimore, University Of",2020,156,153,150,3.53,3.32,2.94,,,,,,,,,
129,Duquesne University,2020,157,154,152,3.62,3.41,3.12,,,,,,,,,
142,University of Idaho,2020,155,153,150,3.56,3.24,2.83,,,,,,,,,
114,University of Missouri—Kansas City,2020,155,153,151,3.68,3.43,3.2,,,,,,,,,
103,University of Montana,2020,159,156,151,3.71,3.44,3.13,,,,,,,,,
105,Washburn University,2020,158,155,152,3.78,3.39,2.94,,,,,,,,,
133,CUNY,2020,159,154,151,3.7,3.45,3.17,,,,,,,,,
139,Creighton University,2020,157,152,150,3.53,3.25,2.86,,,,,,,,,
142,Pace University,2020,153,151,149,3.55,3.33,3.04,,,,,,,,,
105,DePaul University,2020,156,155,150,3.66,3.41,2.96,,,,,,,,,
98,Howard University,2020,156,153,150,3.58,3.41,3.13,,,,,,,,,
122,Mercer University,2020,156,153,151,3.63,3.41,3.2,,,,,,,,,
116,Seattle University,2020,157,155,151,3.57,3.39,3.14,,,,,,,,,
133,University of South Dakota,2020,155,149,146,3.75,3.56,3.22,,,,,,,,,
111,Drake University,2020,158,155,152,3.73,3.46,3.17,,,,,,,,,
147-192,Quinnipiac University,2020,155,152,149,3.69,3.46,3.17,,,,,,,,,
142,Vermont Law School,2020,157,152,148,3.49,3.19,2.96,,,,,,,,,
129,University of Wyoming,2020,156,153,150,3.68,3.4,3.18,,,,,,,,,
142,University of Memphis,2020,155,153,150,3.62,3.33,3.02,,,,,,,,,
147-192,University of Toledo,2020,154,152,149,3.7,3.43,3.11,,,,,,,,,
133,Belmont University,2020,159,156,153,3.8,3.6,3.36,,,,,,,,,
118,Chapman University,2020,160,159,154,3.66,3.52,3.26,,,,,,,,,
147-192,"University of Arkansas, Little Rock",2020,155,151,148,3.68,3.41,3.12,,,,,,,,,
122,University of Dayton,2020,154,152,148,3.7,3.48,3.24,161,157,152,158,154,151,4.5,4,3.5
147-192,Widener-commonwealth,2020,150,147,145,3.56,3.14,2.73,,,,,,,,,
147-192,University of Akron,2020,157,153,150,3.69,3.34,3.01,,,,,,,,,
147-192,Northern Illinois University,2020,151,149,147,3.6,3.2,2.86,,,,,,,,,
122,Suffolk University,2020,158,154,149,3.66,3.44,3.17,162,153,150,159,151,146,4.5,4.5,3.5
147-192,Appalachian School of Law,2020,153,147,144,3.44,3.17,2.76,,,,,,,,,
147-192,Atlanta's John Marshall Law School,2020,152,150,149,3.29,2.93,2.48,,,,,,,,,
Unranked,Ave Maria School Of Law,2020,154,151,147,3.55,3.37,2.98,,,,,,,,,
147-192,Barry University,2020,151,148,146,3.34,3.02,2.68,,,,,,,,,
147-192,California Western School Of Law,2020,154,152,149,3.47,3.24,2.95,158,152,151,153,149,146,4.5,4.5,4
147-192,Campbell University,2020,156,152,150,3.65,3.37,3.14,,,,,,,,,
147-192,Capital University,2020,154,150,147,3.51,3.21,2.85,,,,,,,,,
147-192,Charleston School Of Law,2020,153,150,148,3.45,3.2,2.83,,,,,,,,,
139,University of Detroit Mercy,2020,156,152,150,3.42,3.24,2.99,,,,,,,,,
147-192,University of the District of Columbia,2020,152,150,147,3.51,3.09,2.81,,,,,,,,,
147-192,Elon University,2020,153,150,147,3.52,3.3,3.04,,,,,,,,,
147-192,Faulkner University,2020,151,148,147,3.62,3.28,2.98,,,,,,,,,
147-192,Florida A&M University,2020,150,147,145,3.48,3.3,3,,,,,,,,,
,,2020,152,149,146,3.46,3.12,2.72,,,,,,,,,
147-192,Golden Gate University,2020,154,150,148,3.34,3.02,2.72,,,,,,,,,
147-192,John Marshall Law School,2020,153,151,148,3.52,3.27,2.98,160,156,152,156,153,149,5,4,3.5
147-192,Liberty University,2020,156,151,149,3.72,3.4,3.09,,,,,,,,,
133,Loyola University—New Orleans,2020,154,151,148,3.56,3.32,3.04,,,,,,,,,
133,University of the Pacific (Mcgeorge),2020,156,154,150,3.62,3.4,3.07,,,,,,,,,
147-192,Mississippi College,2020,152,148,146,3.54,3.22,2.97,,,,,,,,,
147-192,Mitchell Hamline,2020,157,152,149,3.53,3.24,2.93,,,,,,,,,
147-192,New England Law | Boston,2020,155,152,148,3.59,3.27,2.92,,,,,,,,,
147-192,North Carolina Central University,2020,150,145,143,3.5,3.24,3.01,,,,,,,,,
147-192,University of North Dakota,2020,151,148,145,3.59,3.34,2.99,,,,,,,,,
147-192,Northern Kentucky University,2020,155,152,150,3.53,3.19,2.82,,,,,,,,,
147-192,Nova Southeastern University,2020,154,152,150,3.5,3.19,2.96,,,,,,,,,
147-192,Ohio Northern University,2020,154,150,146,3.57,3.26,3,,,,,,,,,
147-192,Oklahoma City University,2020,151,147,145,3.58,3.32,3.03,,,,,,,,,
142,Regent University,2020,158,155,150,3.72,3.45,3.22,,,,,,,,,
147-192,Roger Williams University,2020,153,149,146,3.56,3.21,2.91,,,,,,,,,
139,Samford University,2020,157,152,149,3.71,3.49,3.2,,,,,,,,,
147-192,University of San Francisco,2020,156,153,150,3.58,3.32,2.94,,,,,,,,,
147-192,South Texas College Of Law—Houston,2020,155,152,150,3.42,3.17,2.81,,,,,,,,,
147-192,Southern Illinois University—Carbondale,2020,152,150,147,3.6,3.29,2.91,,,,,,,,,
147-192,Southern University,2020,146,144,143,3.33,2.98,2.65,,,,,,,,,
147-192,Southwestern Law School,2020,156,153,151,3.5,3.25,2.97,,,,,,,,,
147-192,St. Mary's University,2020,154,151,149,3.52,3.2,2.88,,,,,,,,,
147-192,St. Thomas University (Florida),2020,153,150,147,3.5,3.23,2.95,,,,,,,,,
147-192,Texas Southern University,2020,150,148,147,3.49,3.17,2.72,,,,,,,,,
147-192,Touro College,2020,151,149,147,3.43,3.07,2.82,,,,,,,,,
147-192,University of Massachusetts Dartmouth,2020,152,149,146,3.53,3.27,3.03,,,,,,,,,
147-192,Western Michigan University (Cooley),2020,150,147,146,3.39,2.94,2.6,,,,,,,,,
147-192,Western New England University,2020,152,148,146,3.58,3.27,3.03,,,,,,,,,
147-192,Western State College Of Law,2020,152,150,148,3.41,3.14,2.94,,,,,,,,,
147-192,Widener University—Delaware,2020,151,149,147,3.46,3.22,2.95,,,,,,,,,
129,Willamette University,2020,155,152,149,3.42,3.07,2.85,,,,,,,,,
Unranked,Inter American University Of Puerto Rico,2020,143,139,136,3.56,3.31,3.06,,,,,,,,,
147-192,Lincoln Memorial,2020,153,150,147,3.52,3.21,2.88,,,,,,,,,
52,Pepperdine University,2020,164,162,159,3.78,3.68,3.4,,,,,,,,,
Unranked,Pontifical Catholic University Of P.R.,2020,139,135,132,3.57,3.27,2.97,,,,,,,,,
Unranked,University of Puerto Rico,2020,149,144,141,3.81,3.61,3.33,,,,,,,,,
Unranked,UNT Dallas College Of Law,2020,153,151,149,3.47,3.1,2.85,,,,,,,,,
1,Yale University,2021,177,174,171,3.99,3.94,3.88,,,,,,,,,
2,Stanford University,2021,175,172,170,3.99,3.91,3.81,,,,,,,,,
4,Harvard University,2021,176,174,170,3.98,3.92,3.82,169,167,164,168,163,160,5.5,5,4.5
3,University of Chicago,2021,175,172,169,3.98,3.91,3.82,,,,,,,,,
4,Columbia University,2021,176,174,172,3.92,3.84,3.75,170,166,164,168,162,156,5.5,5,4.5
7,New York University,2021,174,172,170,3.93,3.86,3.73,167,165,163,165,163,160,5.5,5,5
6,University of Pennsylvania,2021,173,171,167,3.96,3.9,3.56,163,162,157,163,161,158,5,5,4.5
10,University of Michigan,2021,172,171,166,3.93,3.84,3.61,,,,,,,,,
9,University of California—Berkeley,2021,171,169,165,3.92,3.83,3.74,,,,,,,,,
8,University of Virginia,2021,173,171,166,3.97,3.91,3.64,,,,,,,,,
11,Duke University,2021,172,170,167,3.91,3.82,3.7,,,,,,,,,
13,Northwestern University,2021,172,171,167,3.93,3.86,3.6,,,,,,,,,
12,Cornell University,2021,173,171,169,3.95,3.86,3.75,164,162,160,166,163,160,5.5,5,4.5
14,Georgetown University,2021,173,171,167,3.94,3.85,3.66,168,165,162,163,158,154,5,5,4.5
17,University of Texas at Austin,2021,170,169,167,3.9,3.8,3.67,,,,,,,,,
15,University of California—Los Angeles,2021,171,170,166,3.92,3.82,3.57,,,,,,,,,
17,Vanderbilt University,2021,170,169,165,3.95,3.89,3.7,,,,,,,,,
16,Washington University in St. Louis,2021,171,170,163,3.99,3.93,3.56,,,,,,,,,
20,University of Southern California,2021,169,168,165,3.9,3.82,3.6,,,,,,,,,
21,University of Minnesota,2021,167,166,161,3.89,3.8,3.55,,,,,,,,,
37,University of California—Irvine,2021,168,167,163,3.8,3.69,3.5,,,,,,,,,
17,Boston University,2021,171,169,165,3.87,3.77,3.53,,,,,,,,,
30,Emory University,2021,169,167,160,3.9,3.8,3.47,,,,,,,,,
25,George Washington University,2021,168,167,162,3.91,3.83,3.55,,,,,,,,,
25,University of Notre Dame,2021,170,168,162,3.85,3.77,3.52,,,,,,,,,
35,Washington and Lee University,2021,166,164,159,3.78,3.61,3.41,,,,,,,,,
25,University of Alabama,2021,166,165,160,4,3.94,3.58,,,,,,,,,
30,Arizona State University,2021,167,166,158,3.94,3.85,3.36,,,,,,,,,
37,Boston College,2021,167,165,161,3.81,3.69,3.52,163,162,157,163,157,152,5.5,4.5,4
28,University of Iowa,2021,164,163,160,3.83,3.69,3.5,,,,,,,,,
43,University of Wisconsin,2021,165,164,158,3.81,3.65,3.34,,,,,,,,,
29,University of Georgia,2021,167,166,160,3.93,3.82,3.5,,,,,,,,,
43,Indiana University - Bloomington,2021,166,164,161,3.91,3.77,3.5,,,,,,,,,
30,Ohio State University,2021,165,163,160,3.9,3.79,3.6,,,,,,,,,
37,Wake Forest University,2021,164,163,160,3.81,3.68,3.44,,,,,,,,,
49,University of Washington,2021,167,164,160,3.79,3.67,3.52,,,,,,,,,
37,University of California—Davis,2021,167,165,160,3.82,3.7,3.44,,,,,,,,,
37,Fordham University,2021,168,166,164,3.8,3.7,3.51,,,,,,,,,
35,University of Illinois—Urbana Champaign,2021,166,164,162,3.82,3.66,3.44,,,,,,,,,
30,William & Mary Law School,2021,165,164,161,3.89,3.78,3.64,,,,,,,,,
45,University of Arizona,2021,164,163,158,3.81,3.66,3.37,162,159,154,163,158,151,5,4.5,4
23,Brigham Young University,2021,169,167,163,3.93,3.85,3.51,,,,,,,,,
21,University of Florida (Levin),2021,169,167,161,3.94,3.86,3.65,,,,,,,,,
30,George Mason University,2021,166,164,158,3.88,3.81,3.41,,,,,,,,,
23,University of North Carolina,2021,166,164,162,3.83,3.73,3.6,,,,,,,,,
49,University of Colorado—Boulder,2021,166,164,160,3.77,3.61,3.38,,,,,,,,,
47,Florida State University,2021,164,163,158,3.9,3.82,3.55,,,,,,,,,
63,Temple University,2021,166,163,160,3.74,3.6,3.4,,,,,,,,,
47,University of Maryland,2021,163,161,156,3.8,3.7,3.42,,,,,,,,,
58,Baylor University,2021,163,162,158,3.78,3.64,3.35,,,,,,,,,
64,University of Connecticut,2021,161,159,156,3.71,3.54,3.28,,,,,,,,,
52,University of Richmond,2021,163,162,157,3.79,3.7,3.46,,,,,,,,,
58,Southern Methodist University,2021,164,163,158,3.89,3.76,3.43,,,,,,,,,
55,Tulane University,2021,164,161,157,3.74,3.6,3.4,,,,,,,,,
37,University of Utah,2021,165,163,159,3.91,3.82,3.62,,,,,,,,,
52,Yeshiva University (Cardozo),2021,166,164,160,3.86,3.74,3.53,,,,,,,,,
58,University of Houston,2021,163,161,159,3.76,3.64,3.37,,,,,,,,,
51,University of California (Hastings),2021,162,160,157,3.69,3.52,3.3,,,,,,,,,
58,Pennsylvania State - Dickinson Law,2021,163,161,157,3.73,3.54,3.22,159,153,152,154,146,145,5.5,4.5,4
73,Seton Hall University,2021,162,160,157,3.75,3.58,3.31,,,,,,,,,
67,University of Nevada—Las Vegas,2021,163,160,156,3.85,3.7,3.34,,,,,,,,,
78,University of Denver,2021,162,160,157,3.77,3.63,3.36,,,,,,,,,
88,University of Oklahoma,2021,160,158,156,3.81,3.59,3.29,,,,,,,,,
78,Case Western Reserve University,2021,162,160,156,3.83,3.61,3.42,,,,,,,,,
88,University of Cincinnati,2021,161,158,156,3.85,3.7,3.48,,,,,,,,,
78,Georgia State University,2021,162,160,157,3.76,3.55,3.35,,,,,,,,,
67,University of Kentucky,2021,160,157,155,3.84,3.62,3.36,,,,,,,,,
67,Loyola Marymount University—Los Angeles,2021,163,161,158,3.78,3.64,3.43,,,,,,,,,
73,University of Miami,2021,163,160,157,3.77,3.63,3.42,,,,,,,,,
67,University of Missouri,2021,161,159,154,3.86,3.69,3.52,,,,,,,,,
56,University of Tennessee,2021,162,160,157,3.81,3.67,3.47,,,,,,,,,
56,Villanova University,2021,164,162,157,3.83,3.7,3.51,,,,,,,,,
67,University of Kansas,2021,162,158,154,3.89,3.69,3.31,,,,,,,,,
73,Loyola University—Chicago,2021,161,159,157,3.64,3.46,3.2,,,,,,,,,
73,Northeastern University,2021,164,162,158,3.79,3.66,3.45,,,,,,,,,
64,Pennsylvania State - Penn State Law,2021,163,162,155,3.9,3.76,3.4,,,,,,,,,
78,University of Pittsburgh,2021,162,160,158,3.75,3.51,3.22,,,,,,,,,
86,Rutgers University (merged),2021,160,157,155,3.63,3.39,3.09,,,,,,,,,
73,American University,2021,163,161,157,3.71,3.57,3.39,,,,,,,,,
78,University of Nebraska,2021,161,158,155,3.95,3.64,3.38,,,,,,,,,
46,Texas A&M University,2021,165,163,156,3.94,3.84,3.4,,,,,,,,,
98,Brooklyn Law School,2021,161,159,157,3.66,3.5,3.31,,,,,,,,,
84,St. John's University,2021,164,162,155,3.79,3.62,3.39,,,,,,,,,
94,Illinois Institute of Technology (Chicago-Kent College of Law),2021,162,159,152,3.74,3.56,3.31,,,,,,,,,
105,University of New Hampshire,2021,160,158,153,3.69,3.5,3.15,158,153,149,157,152,147,4.5,4,3
67,University of Oregon,2021,161,159,156,3.7,3.54,3.33,,,,,,,,,
86,"University of Arkansas, Fayetteville",2021,159,156,152,3.8,3.59,3.22,,,,,,,,,
105,Louisiana State University,2021,159,156,154,3.78,3.56,3.28,,,,,,,,,
91,Michigan State University,2021,158,156,153,3.74,3.59,3.31,,,,,,,,,
91,University of New Mexico,2021,159,156,152,3.83,3.61,3.37,,,,,,,,,
98,Saint Louis University,2021,160,156,153,3.73,3.5,3.21,,,,,,,,,
84,University of South Carolina,2021,160,158,156,3.72,3.53,3.28,,,,,,,,,
103,Syracuse University,2021,160,157,154,3.72,3.51,3.19,,,,,,,,,
88,Lewis And Clark College,2021,164,162,159,3.78,3.54,3.24,,,,,,,,,
105,Marquette University,2021,157,155,152,3.72,3.56,3.38,,,,,,,,,
64,University of San Diego,2021,163,161,157,3.81,3.7,3.39,,,,,,,,,
98,Indiana University - Indianapolis,2021,159,155,152,3.77,3.56,3.28,,,,,,,,,
111,Stetson University,2021,159,157,154,3.65,3.45,3.16,,,,,,,,,
58,Wayne State University,2021,164,161,157,3.87,3.75,3.41,,,,,,,,,
78,Drexel University,2021,160,158,152,3.73,3.59,3.36,,,,,,,,,
98,Florida International University,2021,162,160,158,3.84,3.69,3.4,,,,,,,,,
91,University of Hawaii,2021,159,156,153,3.76,3.54,3.28,159,155,152,157,153,148,4.5,4,4
111,University of Mississippi,2021,159,156,153,3.8,3.56,3.16,,,,,,,,,
118,University of Tulsa,2021,156,154,151,3.7,3.38,3.07,,,,,,,,,
122,Albany Law School Of Union University,2021,157,154,152,3.69,3.42,3.21,,,,,,,,,
114,University of Maine,2021,161,158,154,3.79,3.57,3.24,,,,,,,,,
94,University of Buffalo—SUNY,2021,159,156,153,3.78,3.58,3.35,,,,,,,,,
118,West Virginia University,2021,157,154,152,3.88,3.56,3.29,,,,,,,,,
94,Catholic University Of America,2021,160,158,155,3.67,3.5,3.33,,,,,,,,,
118,Hofstra University,2021,158,156,152,3.69,3.48,3.16,,,,,,,,,
129,New York Law School,2021,157,155,152,3.69,3.49,3.25,,,,,,,,,
127,Cleveland State University,2021,157,155,152,3.7,3.48,3.12,,,,,,,,,
116,Gonzaga University,2021,157,154,152,3.72,3.51,3.23,,,,,,,,,
94,University of Louisville,2021,159,156,153,3.77,3.56,3.3,,,,,,,,,
133,Santa Clara University,2021,160,157,155,3.62,3.42,3.18,,,,,,,,,
127,University of St. Thomas (Minnesota),2021,159,155,151,3.72,3.48,3.26,,,,,,,,,
105,Texas Tech University,2021,158,157,154,3.74,3.56,3.27,,,,,,,,,
122,"Baltimore, University Of",2021,157,154,151,3.56,3.34,2.97,,,,,,,,,
129,Duquesne University,2021,158,155,153,3.72,3.43,3.08,,,,,,,,,
142,University of Idaho,2021,157,153,149,3.62,3.26,2.87,,,,,,,,,
114,University of Missouri—Kansas City,2021,157,154,152,3.74,3.48,3.21,,,,,,,,,
103,University of Montana,2021,160,156,152,3.74,3.5,3.18,,,,,,,,,
105,Washburn University,2021,159,155,151,3.8,3.53,3.15,,,,,,,,,
133,CUNY,2021,160,155,151,3.66,3.46,3.19,,,,,,,,,
139,Creighton University,2021,157,153,150,3.74,3.39,3.04,,,,,,,,,
142,Pace University,2021,154,152,150,3.66,3.4,3.11,,,,,,,,,
105,DePaul University,2021,157,156,152,3.73,3.57,3.25,,,,,,,,,
98,Howard University,2021,158,154,152,3.69,3.49,3.24,,,,,,,,,
122,Mercer University,2021,158,156,154,3.7,3.51,3.17,,,,,,,,,
116,Seattle University,2021,159,157,152,3.56,3.36,3.08,,,,,,,,,
133,University of South Dakota,2021,153,150,148,3.74,3.44,3.06,,,,,,,,,
111,Drake University,2021,158,155,152,3.75,3.5,3.21,,,,,,,,,
147-192,Quinnipiac University,2021,156,152,150,3.74,3.46,3.19,,,,,,,,,
142,Vermont Law School,2021,159,154,150,3.65,3.4,3.08,,,,,,,,,
129,University of Wyoming,2021,157,154,151,3.53,3.32,3.1,,,,,,,,,
142,University of Memphis,2021,157,154,152,3.65,3.36,3.03,,,,,,,,,
147-192,University of Toledo,2021,155,152,149,3.65,3.42,3.04,,,,,,,,,
133,Belmont University,2021,161,158,153,3.86,3.71,3.44,,,,,,,,,
118,Chapman University,2021,162,160,154,3.71,3.6,3.13,,,,,,,,,
147-192,"University of Arkansas, Little Rock",2021,155,152,149,3.63,3.43,3.02,,,,,,,,,
122,University of Dayton,2021,155,153,150,3.72,3.53,3.18,,,,,,,,,
147-192,Widener-commonwealth,2021,152,148,146,3.5,3.2,2.87,,,,,,,,,
147-192,University of Akron,2021,156,153,151,3.59,3.39,3.05,,,,,,,,,
147-192,Northern Illinois University,2021,152,148,146,3.49,3.2,2.99,,,,,,,,,
122,Suffolk University,2021,158,154,150,3.69,3.48,3.25,,,,,,,,,
147-192,Appalachian School of Law,2021,152,147,146,3.57,3.27,2.96,,,,,,,,,
147-192,Atlanta's John Marshall Law School,2021,153,151,149,3.38,3.13,2.81,,,,,,,,,
Unranked,Ave Maria School Of Law,2021,155,151,148,3.57,3.17,2.84,,,,,,,,,
147-192,Barry University,2021,153,149,147,3.47,3.15,2.83,,,,,,,,,
147-192,California Western School Of Law,2021,156,153,151,3.48,3.26,2.97,158,152,151,153,149,146,4.5,4.5,4
147-192,Campbell University,2021,158,154,151,3.64,3.4,3.14,,,,,,,,,
147-192,Capital University,2021,155,151,148,3.6,3.3,3.03,,,,,,,,,
147-192,Charleston School Of Law,2021,154,151,148,3.6,3.32,3,,,,,,,,,
139,University of Detroit Mercy,2021,158,154,150,3.55,3.32,3.09,,,,,,,,,
147-192,University of the District of Columbia,2021,153,149,147,3.35,3.08,2.76,,,,,,,,,
147-192,Elon University,2021,154,152,149,3.57,3.31,2.96,,,,,,,,,
147-192,Faulkner University,2021,154,150,147,3.5,3.23,2.88,,,,,,,,,
147-192,Florida A&M University,2021,152,149,147,3.64,3.42,3.15,,,,,,,,,
,,2021,0,0,0,0,0,0,,,,,,,,,
147-192,Golden Gate University,2021,154,151,148,3.42,3.13,2.85,,,,,,,,,
147-192,John Marshall Law School,2021,155,152,149,3.52,3.31,2.99,,,,,,,,,
147-192,Liberty University,2021,157,153,150,3.78,3.48,3.17,,,,,,,,,
133,Loyola University—New Orleans,2021,157,153,150,3.63,3.35,3.1,,,,,,,,,
133,University of the Pacific (Mcgeorge),2021,157,155,152,3.66,3.44,3.03,,,,,,,,,
147-192,Mississippi College,2021,153,150,147,3.58,3.24,2.84,,,,,,,,,
147-192,Mitchell Hamline,2021,158,153,150,3.61,3.29,2.91,,,,,,,,,
147-192,New England Law | Boston,2021,157,154,149,3.58,3.28,2.92,,,,,,,,,
147-192,North Carolina Central University,2021,153,147,145,3.53,3.27,2.99,,,,,,,,,
147-192,University of North Dakota,2021,153,150,147,3.68,3.39,3.12,,,,,,,,,
147-192,Northern Kentucky University,2021,156,153,151,3.63,3.37,2.85,,,,,,,,,
147-192,Nova Southeastern University,2021,155,153,151,3.52,3.26,2.93,,,,,,,,,
147-192,Ohio Northern University,2021,153,150,148,3.8,3.43,3.14,,,,,,,,,
147-192,Oklahoma City University,2021,152,149,146,3.59,3.3,3.06,,,,,,,,,
142,Regent University,2021,159,156,153,3.85,3.64,3.38,,,,,,,,,
147-192,Roger Williams University,2021,155,150,148,3.52,3.17,2.89,,,,,,,,,
139,Samford University,2021,157,154,151,3.76,3.54,3.24,,,,,,,,,
147-192,University of San Francisco,2021,157,155,153,3.6,3.33,3.01,,,,,,,,,
147-192,South Texas College Of Law—Houston,2021,156,154,152,3.46,3.22,2.94,,,,,,,,,
147-192,Southern Illinois University—Carbondale,2021,151,149,147,3.62,3.36,2.94,,,,,,,,,
147-192,Southern University,2021,148,146,144,3.39,3.03,2.72,,,,,,,,,
147-192,Southwestern Law School,2021,157,154,152,3.57,3.31,3.03,,,,,,,,,
147-192,St. Mary's University,2021,155,153,150,3.59,3.36,2.97,,,,,,,,,
147-192,St. Thomas University (Florida),2021,155,152,150,3.51,3.32,2.91,,,,,,,,,
147-192,Texas Southern University,2021,153,151,149,3.6,3.32,2.81,,,,,,,,,
147-192,Touro College,2021,152,150,148,3.44,3.15,2.89,,,,,,,,,
147-192,University of Massachusetts Dartmouth,2021,153,150,148,3.62,3.36,2.99,,,,,,,,,
147-192,Western Michigan University (Cooley),2021,151,148,146,3.28,2.99,2.61,,,,,,,,,
147-192,Western New England University,2021,154,150,147,3.7,3.47,3.12,,,,,,,,,
147-192,Western State College Of Law,2021,153,150,148,3.43,3.11,2.86,,,,,,,,,
147-192,Widener University—Delaware,2021,152,150,148,3.51,3.19,2.87,,,,,,,,,
129,Willamette University,2021,157,154,151,3.61,3.32,2.94,,,,,,,,,
Unranked,Inter American University Of Puerto Rico,2021,146,142,138,3.63,3.37,3.14,,,,,,,,,
147-192,Lincoln Memorial,2021,154,150,148,3.67,3.43,3.04,,,,,,,,,
52,Pepperdine University,2021,166,164,159,3.91,3.8,3.48,,,,,,,,,
Unranked,Pontifical Catholic University Of P.R.,2021,138,135,132,3.5,3.13,2.8,,,,,,,,,
Unranked,University of Puerto Rico,2021,153,149,145,3.88,3.75,3.58,,,,,,,,,
Unranked,UNT Dallas College Of Law,2021,155,151,149,3.52,3.14,2.89,,,,,,,,,
1,Yale University,2017,175,173,173,3.97,3.91,3.83,,,,,,,,,
2,Stanford University,2017,173,171,171,3.95,3.9,3.79,,,,,,,,,
4,Harvard University,2017,175,173,173,3.96,3.86,3.76,,,,,,,,,
3,University of Chicago,2017,172,170,170,3.95,3.9,3.73,,,,,,,,,
4,Columbia University,2017,173,171,171,3.8,3.7,3.56,,,,,,,,,
7,New York University,2017,170,169,169,3.9,3.83,3.66,,,,,,,,,
6,University of Pennsylvania,2017,170,169,169,3.94,3.89,3.54,,,,,,,,,
8,University of Virginia,2017,170,169,169,3.94,3.87,3.56,,,,,,,,,
10,University of Michigan,2017,170,169,169,3.89,3.8,3.57,,,,,,,,,
11,Duke University,2017,170,169,169,3.84,3.75,3.57,,,,,,,,,
13,Northwestern University,2017,170,168,168,3.89,3.83,3.56,,,,,,,,,
9,University of California—Berkeley,2017,168,167,167,3.88,3.79,3.66,,,,,,,,,
12,Cornell University,2017,168,167,167,3.87,3.77,3.68,,,,,,,,,
14,Georgetown University,2017,168,167,167,3.89,3.79,3.52,,,,,,,,,
15,University of California—Los Angeles,2017,168,167,167,3.86,3.76,3.54,,,,,,,,,
17,University of Texas at Austin,2017,168,167,167,3.84,3.71,3.49,,,,,,,,,
20,University of Southern California,2017,166,165,165,3.88,3.76,3.58,,,,,,,,,
17,Vanderbilt University,2017,167,166,166,3.87,3.75,3.5,,,,,,,,,
16,Washington University in St. Louis,2017,169,168,168,3.86,3.74,3.37,,,,,,,,,
21,University of Minnesota,2017,165,163,163,3.87,3.75,3.5,,,,,,,,,
25,University of Notre Dame,2017,165,164,164,3.83,3.73,3.51,,,,,,,,,
25,George Washington University,2017,166,165,165,3.8,3.71,3.35,,,,,,,,,
17,Boston University,2017,166,165,165,3.81,3.73,3.5,,,,,,,,,
37,University of California—Irvine,2017,165,163,163,3.68,3.57,3.38,,,,,,,,,
25,University of Alabama,2017,166,164,164,3.94,3.84,3.41,,,,,,,,,
30,Emory University,2017,166,165,165,3.9,3.81,3.45,,,,,,,,,
30,Arizona State University,2017,164,162,162,3.87,3.75,3.36,,,,,,,,,
37,Boston College,2017,164,163,163,3.69,3.61,3.44,,,,,,,,,
29,University of Georgia,2017,163,162,162,3.84,3.71,3.41,,,,,,,,,
28,University of Iowa,2017,163,161,161,3.75,3.62,3.38,,,,,,,,,
37,University of California—Davis,2017,165,163,163,3.73,3.59,3.37,,,,,,,,,
21,University of Florida (Levin),2017,163,161,161,3.81,3.69,3.37,,,,,,,,,
37,Wake Forest University,2017,163,161,161,3.75,3.65,3.37,,,,,,,,,
43,Indiana University - Bloomington,2017,162,161,161,3.87,3.75,3.46,,,,,,,,,
30,Ohio State University,2017,163,160,160,3.84,3.68,3.51,,,,,,,,,
23,University of North Carolina,2017,163,161,161,3.71,3.56,3.33,,,,,,,,,
43,University of Wisconsin,2017,163,161,161,3.78,3.62,3.24,,,,,,,,,
35,Washington and Lee University,2017,163,161,161,3.7,3.56,3.17,,,,,,,,,
23,Brigham Young University,2017,164,163,163,3.91,3.8,3.6,,,,,,,,,
37,Fordham University,2017,164,163,163,3.7,3.59,3.4,,,,,,,,,
45,University of Arizona,2017,163,161,161,3.85,3.63,3.27,,,,,,,,,
35,University of Illinois—Urbana Champaign,2017,163,161,161,3.72,3.61,3.33,,,,,,,,,
30,William & Mary Law School,2017,164,163,163,3.85,3.75,3.47,,,,,,,,,
49,University of Washington,2017,165,163,163,3.79,3.67,3.47,,,,,,,,,
30,George Mason University,2017,163,162,162,3.82,3.7,3.31,,,,,,,,,
49,University of Colorado—Boulder,2017,163,161,161,3.81,3.65,3.32,,,,,,,,,
37,University of Utah,2017,160,158,158,3.76,3.59,3.43,,,,,,,,,
58,Baylor University,2017,160,159,159,3.7,3.53,3.28,,,,,,,,,
47,Florida State University,2017,160,159,159,3.73,3.61,3.42,,,,,,,,,
63,Temple University,2017,162,160,160,3.7,3.49,3.24,,,,,,,,,
52,Pepperdine University,2017,162,160,160,3.73,3.62,3.27,,,,,,,,,
58,Southern Methodist University,2017,163,161,161,3.79,3.68,3.36,,,,,,,,,
55,Tulane University,2017,160,158,158,3.65,3.48,3.2,,,,,,,,,
64,University of Connecticut,2017,159,158,158,3.67,3.45,3.23,,,,,,,,,
47,University of Maryland,2017,159,157,157,3.67,3.51,3.29,,,,,,,,,
52,University of Richmond,2017,161,160,160,3.68,3.57,3.19,,,,,,,,,
52,Yeshiva University (Cardozo),2017,161,159,159,3.68,3.51,3.25,,,,,,,,,
67,University of Nevada—Las Vegas,2017,159,157,157,3.74,3.54,3.28,,,,,,,,,
73,Seton Hall University,2017,158,156,156,3.69,3.41,3.13,,,,,,,,,
58,University of Houston,2017,161,159,159,3.69,3.55,3.32,,,,,,,,,
56,University of Tennessee,2017,160,158,158,3.74,3.52,3.22,,,,,,,,,
67,Loyola Marymount University—Los Angeles,2017,161,159,159,3.71,3.53,3.27,,,,,,,,,
51,University of California (Hastings),2017,161,159,159,3.6,3.42,3.16,,,,,,,,,
73,Northeastern University,2017,163,161,161,3.75,3.6,3.43,,,,,,,,,
64,Pennsylvania State - Penn State Law,2017,159,158,158,3.71,3.54,3.2,,,,,,,,,
67,University of Missouri,2017,159,157,157,3.71,3.44,3.13,,,,,,,,,
78,Georgia State University,2017,159,157,157,3.65,3.5,3.25,,,,,,,,,
78,University of Denver,2017,159,157,157,3.63,3.46,3.13,,,,,,,,,
67,University of Kansas,2017,158,156,156,3.72,3.53,3.22,,,,,,,,,
73,University of Miami,2017,160,157,157,3.59,3.36,3.2,,,,,,,,,
98,Brooklyn Law School,2017,159,156,156,3.56,3.35,3.15,,,,,,,,,
78,Case Western Reserve University,2017,160,159,159,3.68,3.46,3.26,,,,,,,,,
58,Pennsylvania State - Dickinson Law,2017,162,159,159,3.67,3.29,3.01,,,,,,,,,
67,University of Kentucky,2017,158,156,156,3.73,3.46,3.12,,,,,,,,,
88,University of Oklahoma,2017,159,157,157,3.77,3.56,3.33,,,,,,,,,
56,Villanova University,2017,159,158,158,3.75,3.58,3.36,,,,,,,,,
73,American University,2017,158,156,156,3.57,3.41,3.11,,,,,,,,,
73,Loyola University—Chicago,2017,160,158,158,3.64,3.39,3.09,,,,,,,,,
84,St. John's University,2017,160,158,158,3.7,3.58,3.31,,,,,,,,,
78,University of Nebraska,2017,158,156,156,3.85,3.72,3.42,,,,,,,,,
78,University of Pittsburgh,2017,158,156,156,3.62,3.42,3.11,,,,,,,,,
46,Texas A&M University,2017,159,157,157,3.6,3.44,3.22,,,,,,,,,
88,University of Cincinnati,2017,159,156,156,3.83,3.6,3.3,,,,,,,,,
67,University of Oregon,2017,160,157,157,3.6,3.41,3.21,,,,,,,,,
64,University of San Diego,2017,160,158,158,3.67,3.51,3.24,,,,,,,,,
94,Illinois Institute of Technology (Chicago-Kent College of Law),2017,158,156,156,3.62,3.4,3.01,,,,,,,,,
105,University of New Hampshire,2017,159,157,157,3.65,3.39,3.15,,,,,,,,,
118,University of Tulsa,2017,157,154,154,3.66,3.35,3.02,,,,,,,,,
98,Saint Louis University,2017,157,154,154,3.7,3.38,3.13,,,,,,,,,
98,Florida International University,2017,157,156,156,3.77,3.61,3.18,,,,,,,,,
105,Marquette University,2017,156,153,153,3.54,3.37,3.1,,,,,,,,,
91,Michigan State University,2017,157,154,154,3.75,3.56,3.21,,,,,,,,,
103,Syracuse University,2017,156,154,154,3.6,3.38,3.05,,,,,,,,,
86,"University of Arkansas, Fayetteville",2017,157,154,154,3.72,3.53,3.19,,,,,,,,,
91,University of Hawaii,2017,156,153,153,3.52,3.2,2.94,,,,,,,,,
91,University of New Mexico,2017,156,153,153,3.67,3.45,3.14,,,,,,,,,
84,University of South Carolina,2017,156,154,154,3.59,3.38,3.08,,,,,,,,,
58,Wayne State University,2017,160,157,157,3.69,3.44,3.18,,,,,,,,,
78,Drexel University,2017,157,155,155,3.64,3.37,3.08,,,,,,,,,
118,Hofstra University,2017,155,152,152,3.59,3.4,3.06,,,,,,,,,
105,Louisiana State University,2017,157,154,154,3.65,3.44,3.12,,,,,,,,,
118,West Virginia University,2017,155,153,153,3.63,3.32,3.04,,,,,,,,,
88,Lewis And Clark College,2017,160,157,157,3.61,3.4,3.13,,,,,,,,,
133,Santa Clara University,2017,157,154,154,3.46,3.29,3.02,,,,,,,,,
111,Stetson University,2017,157,155,155,3.55,3.33,3.1,,,,,,,,,
94,University of Buffalo—SUNY,2017,156,154,154,3.72,3.53,3.22,,,,,,,,,
94,Catholic University Of America,2017,156,153,153,3.55,3.31,3.08,,,,,,,,,
133,CUNY,2017,157,153,153,3.54,3.26,2.94,,,,,,,,,
98,Howard University,2017,154,151,151,3.54,3.24,3.05,,,,,,,,,
98,Indiana University - Indianapolis,2017,156,153,153,3.64,3.45,3.16,,,,,,,,,
94,University of Louisville,2017,155,152,152,3.64,3.36,3.11,,,,,,,,,
111,University of Mississippi,2017,157,155,155,3.72,3.49,3.23,,,,,,,,,
114,University of Missouri—Kansas City,2017,155,152,152,3.62,3.42,3.18,,,,,,,,,
122,Albany Law School Of Union University,2017,155,152,152,3.56,3.36,3.09,,,,,,,,,
103,University of Montana,2017,156,154,154,3.55,3.34,3,,,,,,,,,
139,Creighton University,2017,156,152,152,3.61,3.31,2.92,,,,,,,,,
116,Gonzaga University,2017,156,153,153,3.54,3.3,3.07,,,,,,,,,
129,New York Law School,2017,154,152,152,3.57,3.37,3.09,,,,,,,,,
105,Texas Tech University,2017,156,155,155,3.64,3.43,3.03,,,,,,,,,
127,University of St. Thomas (Minnesota),2017,157,154,154,3.69,3.43,3.17,,,,,,,,,
111,Drake University,2017,156,152,152,3.61,3.39,3.08,,,,,,,,,
129,Duquesne University,2017,155,152,152,3.71,3.49,3.21,,,,,,,,,
142,Pace University,2017,153,151,151,3.53,3.28,3,,,,,,,,,
116,Seattle University,2017,157,154,154,3.5,3.34,3.03,,,,,,,,,
122,"Baltimore, University Of",2017,154,152,152,3.46,3.18,2.82,,,,,,,,,
127,Cleveland State University,2017,155,153,153,3.62,3.35,3.11,,,,,,,,,
147-192,Quinnipiac University,2017,155,152,152,3.59,3.4,3.13,,,,,,,,,
142,University of Idaho,2017,155,153,153,3.6,3.29,2.95,,,,,,,,,
114,University of Maine,2017,155,153,153,3.68,3.42,3.12,,,,,,,,,
147-192,University of Toledo,2017,154,152,152,3.73,3.41,3.07,,,,,,,,,
118,Chapman University,2017,158,156,156,3.57,3.36,3.12,,,,,,,,,
105,DePaul University,2017,154,152,152,3.49,3.3,3.01,,,,,,,,,
129,University of Wyoming,2017,154,151,151,3.54,3.28,2.91,,,,,,,,,
105,Washburn University,2017,155,152,152,3.55,3.32,2.78,,,,,,,,,
147-192,Oklahoma City University,2017,152,147,147,3.45,3.16,2.85,,,,,,,,,
142,Vermont Law School,2017,156,151,151,3.48,3.2,2.85,,,,,,,,,
133,Belmont University,2017,158,155,155,3.7,3.5,3.16,,,,,,,,,
133,Loyola University—New Orleans,2017,152,148,148,3.42,3.13,2.84,,,,,,,,,
122,Mercer University,2017,155,152,152,3.55,3.32,2.92,,,,,,,,,
142,University of Memphis,2017,154,152,152,3.57,3.3,2.98,,,,,,,,,
133,University of South Dakota,2017,150,147,147,3.77,3.48,3.25,,,,,,,,,
122,Suffolk University,2017,154,150,150,3.54,3.3,3,,,,,,,,,
147-192,University of Akron,2017,154,151,151,3.51,3.28,2.94,,,,,,,,,
147-192,"University of Arkansas, Little Rock",2017,155,151,151,3.64,3.3,3.03,,,,,,,,,
147-192,Appalachian School of Law,2017,149,143,143,3.17,2.86,2.51,,,,,,,,,
147-192,Atlanta's John Marshall Law School,2017,149,146,146,3.32,3.06,2.77,,,,,,,,,
Unranked,Ave Maria School Of Law,2017,150,147,147,3.52,3.16,2.82,,,,,,,,,
147-192,Barry University,2017,151,148,148,3.28,2.97,2.69,,,,,,,,,
147-192,California Western School Of Law,2017,153,150,150,3.43,3.22,2.85,,,,,,,,,
147-192,Campbell University,2017,154,152,152,3.53,3.29,3.02,,,,,,,,,
147-192,Capital University,2017,152,149,149,3.53,3.21,2.88,,,,,,,,,
147-192,Charleston School Of Law,2017,148,145,145,3.29,3.03,2.69,,,,,,,,,
147-192,Elon University,2017,150,148,148,3.4,3.23,2.9,,,,,,,,,
147-192,Faulkner University,2017,151,147,147,3.4,2.98,2.61,,,,,,,,,
147-192,Florida A&M University,2017,149,146,146,3.42,3.09,2.75,,,,,,,,,
,,2017,151,148,148,3.1,2.83,2.59,,,,,,,,,
147-192,Golden Gate University,2017,151,148,148,3.35,3.1,2.72,,,,,,,,,
Unranked,Inter American University Of Puerto Rico,2017,142,139,139,3.58,3.32,3.12,,,,,,,,,
147-192,John Marshall Law School,2017,151,148,148,3.42,3.1,2.79,,,,,,,,,
147-192,Liberty University,2017,156,151,151,3.73,3.41,2.97,,,,,,,,,
147-192,Lincoln Memorial,2017,152,148,148,3.47,3.08,2.64,,,,,,,,,
147-192,Mississippi College,2017,152,148,148,3.44,3.14,2.83,,,,,,,,,
147-192,Mitchell Hamline,2017,154,150,150,3.52,3.21,2.85,,,,,,,,,
147-192,New England Law | Boston,2017,153,149,149,3.54,3.3,2.86,,,,,,,,,
147-192,North Carolina Central University,2017,149,145,145,3.43,3.22,2.95,,,,,,,,,
147-192,Northern Illinois University,2017,153,150,150,3.53,3.12,2.79,,,,,,,,,
147-192,Northern Kentucky University,2017,152,149,149,3.51,3.29,2.92,,,,,,,,,
147-192,Nova Southeastern University,2017,151,149,149,3.43,3.16,2.85,,,,,,,,,
147-192,Ohio Northern University,2017,153,151,151,3.68,3.28,3,,,,,,,,,
Unranked,Pontifical Catholic University Of P.R.,2017,138,134,134,3.65,3.41,3.1,,,,,,,,,
142,Regent University,2017,156,154,154,3.58,3.33,3.1,,,,,,,,,
147-192,Roger Williams University,2017,151,147,147,3.47,3.15,2.8,,,,,,,,,
139,Samford University,2017,154,151,151,3.61,3.36,3.05,,,,,,,,,
147-192,South Texas College Of Law—Houston,2017,153,149,149,3.35,3.1,2.8,,,,,,,,,
147-192,Southern Illinois University—Carbondale,2017,150,147,147,3.48,3.07,2.73,,,,,,,,,
147-192,Southern University,2017,146,144,144,3.17,2.91,2.58,,,,,,,,,
147-192,Southwestern Law School,2017,155,152,152,3.43,3.24,3.01,,,,,,,,,
147-192,St. Mary's University,2017,153,150,150,3.39,3.12,2.76,,,,,,,,,
147-192,St. Thomas University (Florida),2017,151,148,148,3.34,3.07,2.73,,,,,,,,,
147-192,Texas Southern University,2017,146,143,143,3.31,3.02,2.71,,,,,,,,,
147-192,Touro College,2017,150,147,147,3.27,3.01,2.74,,,,,,,,,
122,University of Dayton,2017,152,149,149,3.49,3.29,2.96,,,,,,,,,
139,University of Detroit Mercy,2017,155,151,151,3.38,3.16,2.94,,,,,,,,,
147-192,University of Massachusetts Dartmouth,2017,151,148,148,3.43,3.11,2.76,,,,,,,,,
147-192,University of North Dakota,2017,152,148,148,3.63,3.36,2.81,,,,,,,,,
Unranked,University of Puerto Rico,2017,149,144,144,3.77,3.53,3.28,,,,,,,,,
147-192,University of San Francisco,2017,156,152,152,3.56,3.27,2.85,,,,,,,,,
147-192,University of the District of Columbia,2017,151,148,148,3.22,2.95,2.6,,,,,,,,,
133,University of the Pacific (Mcgeorge),2017,154,151,151,3.42,3.19,2.89,,,,,,,,,
Unranked,UNT Dallas College Of Law,2017,151,149,149,3.19,2.93,2.66,,,,,,,,,
147-192,Western Michigan University (Cooley),2017,146,142,142,3.27,2.94,2.59,,,,,,,,,
147-192,Western New England University,2017,151,148,148,3.49,3.2,2.96,,,,,,,,,
147-192,Western State College Of Law,2017,150,147,147,3.34,3.07,2.86,,,,,,,,,
147-192,Widener University—Delaware,2017,151,148,148,3.4,3.12,2.7,,,,,,,,,
147-192,Widener-commonwealth,2017,150,147,147,3.54,3.19,2.85,,,,,,,,,
129,Willamette University,2017,156,152,152,3.54,3.18,2.83,,,,,,,,,
86,Rutgers University (merged),2017,157,155,151,3.61,3.37,3.11,,,,,,,,,
147-192,University of Akron,2022,155,153,151,3.68,3.45,3.02,159,158,152,160,156,143,5,4.5,4
25,University of Alabama,2022,168,166,159,4.02,3.95,3.64,,,,,,,,,
122,Albany Law School Of Union University,2022,158,155,153,3.7,3.48,3.21,161,156,152,161,151,146,4.5,4.5,4
73,American University,2022,163,162,156,3.73,3.61,3.3,166,162,157,159,157,153,5.5,5,4.5
147-192,Appalachian School of Law,2022,149,146,144,3.51,3.21,2.79,,,,,,,,,
30,Arizona State University,2022,168,167,158,3.94,3.85,3.42,,,,,,,,,
45,University of Arizona,2022,164,163,158,3.88,3.76,3.48,160,157,152,157,155,146,5,4.5,4
86,"University of Arkansas, Fayetteville",2022,158,156,153,3.87,3.6,3.34,,,,,,,,,
147-192,"University of Arkansas, Little Rock",2022,155,152,149,3.69,3.41,2.98,,,,,,,,,
147-192,Atlanta's John Marshall Law School,2022,153,151,148,3.54,3.14,2.75,,,,,,,,,
Unranked,Ave Maria School Of Law,2022,155,152,149,3.67,3.3,2.94,,,,,,,,,
122,"Baltimore, University Of",2022,157,154,151,3.6,3.42,3.01,162,157,157,161,159,156,5,4.5,4.5
147-192,Barry University,2022,152,149,147,3.5,3.23,2.89,,,,,,,,,
58,Baylor University,2022,164,163,159,3.85,3.72,3.48,,,,,,,,,
133,Belmont University,2022,162,160,156,3.88,3.7,3.47,,,,,,,,,
37,Boston College,2022,167,166,162,3.81,3.74,3.55,159,159,157,160,154,151,5,5,4
17,Boston University,2022,171,170,164,3.91,3.84,3.57,166,163,160,163,160,155,5.5,5,4.5
23,Brigham Young University,2022,171,168,165,3.96,3.92,3.66,,,,,,,,,
98,Brooklyn Law School,2022,161,160,157,3.7,3.54,3.32,161,158,156,157,154,151,5,5,4.5
147-192,California Western School Of Law,2022,156,153,151,3.57,3.35,3.04,156,153,149,156,150,146,4,4,3.5
9,University of California—Berkeley,2022,172,170,167,3.9,3.83,3.74,169,165,164,169,159,152,5.5,5,4.5
37,University of California—Davis,2022,166,165,163,3.84,3.7,3.45,164,163,159,160,159,155,5,5,4.5
51,University of California (Hastings),2022,163,160,157,3.75,3.59,3.39,164,161,157,162,156,147,5.5,4.5,4
37,University of California—Irvine,2022,168,167,162,3.83,3.72,3.51,163,161,156,163,162,155,5,4.5,4.5
15,University of California—Los Angeles,2022,172,171,166,3.97,3.9,3.66,167,165,159,168,160,158,5.5,5,5
147-192,Campbell University,2022,158,154,152,3.69,3.53,3.28,,,,,,,,,
147-192,Capital University,2022,155,151,148,3.64,3.33,2.96,,,,,,,,,
52,Yeshiva University (Cardozo),2022,166,164,159,3.86,3.76,3.46,166,165,164,163,161,155,5.5,4.5,4
78,Case Western Reserve University,2022,162,160,153,3.82,3.66,3.38,164,158,157,163,155,152,5,4.5,3.5
94,Catholic University Of America,2022,161,159,156,3.75,3.61,3.38,,,,,,,,,
118,Chapman University,2022,163,161,155,3.78,3.63,3.2,,,,,,,,,
147-192,Charleston School Of Law,2022,154,152,149,3.65,3.41,3.12,,,,,,,,,
3,University of Chicago,2022,175,173,169,3.97,3.91,3.81,166,166,163,166,162,158,5.5,5.5,5
94,Illinois Institute of Technology (Chicago-Kent College of Law),2022,161,159,155,3.79,3.61,3.31,170,158,156,161,161,149,5,5,4.5
88,University of Cincinnati,2022,161,158,156,3.91,3.73,3.52,,,,,,,,,
133,CUNY,2022,158,154,151,3.64,3.42,3.16,,,,,,,,,
127,Cleveland State University,2022,157,154,151,3.65,3.39,2.95,153,151,150,146,145,144,4,4,3.5
49,University of Colorado—Boulder,2022,166,164,159,3.83,3.72,3.45,,,,,,,,,
4,Columbia University,2022,175,173,171,3.95,3.87,3.78,168,168,165,168,163,158,5.5,5,5
64,University of Connecticut,2022,162,160,156,3.79,3.64,3.38,,,,,,,,,
12,Cornell University,2022,174,172,170,3.94,3.87,3.76,170,164,162,170,169,167,5.5,4.5,4.5
139,Creighton University,2022,157,153,149,3.72,3.5,2.99,,,,,,,,,
122,University of Dayton,2022,157,154,152,3.77,3.58,3.3,159,157,155,157,151,147,5,4.5,4
78,University of Denver,2022,162,160,156,3.75,3.6,3.27,,,,,,,,,
105,DePaul University,2022,158,156,152,3.76,3.57,3.18,,,,,,,,,
139,University of Detroit Mercy,2022,157,154,150,3.61,3.39,3.08,,,,,,,,,
147-192,University of the District of Columbia,2022,153,150,147,3.45,3.15,2.85,,,,,,,,,
111,Drake University,2022,157,154,151,3.77,3.55,3.29,,,,,,,,,
78,Drexel University,2022,161,159,152,3.82,3.72,3.33,163,157,146,155,153,149,5,5,4
11,Duke University,2022,171,170,168,3.94,3.85,3.73,169,166,163,167,165,165,5.5,5,4.5
129,Duquesne University,2022,158,155,153,3.75,3.5,3.21,,,,,,,,,
147-192,Elon University,2022,155,152,149,3.6,3.41,3.05,,,,,,,,,
30,Emory University,2022,169,168,161,3.9,3.8,3.43,,,,,,,,,
147-192,Faulkner University,2022,153,151,147,3.54,3.18,2.85,160,152,150,147,147,146,4.5,4,3.5
147-192,Florida A&M University,2022,153,150,148,3.66,3.41,3.25,,,,,,,,,
98,Florida International University,2022,162,160,156,3.89,3.72,3.37,159,156,154,156,150,147,5,4.5,4
47,Florida State University,2022,166,165,159,3.92,3.83,3.48,,,,,,,,,
21,University of Florida (Levin),2022,170,169,162,3.97,3.9,3.52,,,,,,,,,
37,Fordham University,2022,168,167,164,3.81,3.72,3.55,,,,,,,,,
30,George Mason University,2022,167,166,158,3.93,3.83,3.45,168,166,157,169,161,153,5,4.5,4
25,George Washington University,2022,169,168,162,3.93,3.84,3.52,168,159,159,164,162,157,5.5,5,4
14,Georgetown University,2022,172,171,166,3.94,3.86,3.63,169,165,161,163,158,155,5.5,5,4.5
78,Georgia State University,2022,162,160,157,3.74,3.61,3.38,,,,,,,,,
29,University of Georgia,2022,169,168,156,3.94,3.87,3.56,,,,,,,,,
147-192,Golden Gate University,2022,156,154,152,3.45,3.15,2.92,,,,,,,,,
116,Gonzaga University,2022,156,154,152,3.71,3.48,3.24,,,,,,,,,
4,Harvard University,2022,176,174,170,3.99,3.92,3.82,170,168,164,168,166,163,5.5,5,5
91,University of Hawaii,2022,160,156,154,3.7,3.53,3.27,167,158,147,155,153,150,4.5,4.5,4
118,Hofstra University,2022,158,156,151,3.74,3.58,3.24,156,152,144,153,151,149,4,3.5,2.5
58,University of Houston,2022,162,161,157,3.8,3.7,3.5,159,154,153,156,149,146,4,4,3.5
98,Howard University,2022,158,154,151,3.71,3.49,3.23,,,,,,,,,
142,University of Idaho,2022,156,152,149,3.58,3.36,2.98,,,,,,,,,
35,University of Illinois—Urbana Champaign,2022,167,166,162,3.86,3.71,3.47,,,,,,,,,
43,Indiana University - Bloomington,2022,165,164,158,3.92,3.81,3.42,160,160,156,162,157,153,5,4,4
98,Indiana University - Indianapolis,2022,158,154,151,3.79,3.58,3.27,,,,,,,,,
Unranked,Inter American University Of Puerto Rico,2022,147,143,140,3.61,3.37,3.11,,,,,,,,,
28,University of Iowa,2022,165,163,161,3.83,3.66,3.49,,,,,,,,,
67,University of Kansas,2022,160,158,153,3.86,3.73,3.41,,,,,,,,,
67,University of Kentucky,2022,160,157,155,3.84,3.68,3.4,,,,,,,,,
88,Lewis And Clark College,2022,164,161,158,3.69,3.52,3.25,,,,,,,,,
147-192,Liberty University,2022,155,152,150,3.74,3.49,3.19,,,,,,,,,
147-192,Lincoln Memorial,2022,154,150,148,3.61,3.4,3.08,,,,,,,,,
105,Louisiana State University,2022,159,157,154,3.79,3.62,3.37,,,,,,,,,
94,University of Louisville,2022,158,156,152,3.89,3.68,3.36,,,,,,,,,
67,Loyola Marymount University—Los Angeles,2022,163,161,157,3.81,3.69,3.46,170,161,160,161,154,153,4.5,4.5,4.5
73,Loyola University—Chicago,2022,161,159,157,3.72,3.56,3.37,,,,,,,,,
133,Loyola University—New Orleans,2022,155,152,149,3.61,3.39,3.17,157,157,151,158,149,146,5,4,3.5
114,University of Maine,2022,162,158,153,3.84,3.65,3.3,,,,,,,,,
105,Marquette University,2022,158,155,153,3.76,3.63,3.38,,,,,,,,,
47,University of Maryland,2022,164,163,157,3.85,3.71,3.36,168,163,163,165,160,158,5,5,4.5
133,University of the Pacific (Mcgeorge),2022,157,155,152,3.72,3.47,3.04,,,,,,,,,
142,University of Memphis,2022,156,154,152,3.61,3.32,3.03,,,,,,,,,
122,Mercer University,2022,157,154,153,3.69,3.48,3.23,163,163,163,158,158,158,4.5,4.5,4.5
73,University of Miami,2022,164,161,156,3.81,3.69,3.45,162,162,162,149,149,149,4,4,4
91,Michigan State University,2022,159,157,153,3.76,3.52,3.15,,,,,,,,,
10,University of Michigan,2022,172,171,166,3.92,3.83,3.59,,,,,,,,,
21,University of Minnesota,2022,169,168,162,3.92,3.83,3.57,,,,,,,,,
147-192,Mississippi College,2022,154,150,146,3.59,3.38,2.97,,,,,,,,,
111,University of Mississippi,2022,160,157,153,3.81,3.54,3.27,,,,,,,,,
67,University of Missouri,2022,162,160,156,3.86,3.7,3.42,,,,,,,,,
114,University of Missouri—Kansas City,2022,157,154,152,3.73,3.47,3.16,,,,,,,,,
147-192,Mitchell Hamline,2022,155,152,149,3.57,3.33,2.97,,,,,,,,,
103,University of Montana,2022,158,154,151,3.71,3.43,3.05,,,,,,,,,
78,University of Nebraska,2022,161,158,155,3.91,3.72,3.41,,,,,,,,,
147-192,New England Law | Boston,2022,157,154,149,3.66,3.36,2.93,153,150,146,156,148,141,3.5,3,3
105,University of New Hampshire,2022,159,156,152,3.71,3.48,3.04,158,156,153,154,152,151,4.5,4,4
91,University of New Mexico,2022,160,156,152,3.74,3.5,3.22,,,,,,,,,
129,New York Law School,2022,158,155,152,3.72,3.53,3.3,,,,,,,,,
7,New York University,2022,174,172,169,3.94,3.88,3.72,,,,,,,,,
147-192,North Carolina Central University,2022,151,148,145,3.55,3.32,3.09,,,,,,,,,
23,University of North Carolina,2022,167,166,162,3.88,3.77,3.61,,,,,,,,,
147-192,University of North Dakota,2022,153,150,146,3.59,3.37,3.1,,,,,,,,,
73,Northeastern University,2022,166,163,158,3.82,3.7,3.47,,,,,,,,,
147-192,Northern Illinois University,2022,152,150,147,3.59,3.36,3.06,,,,,,,,,
147-192,Northern Kentucky University,2022,155,152,150,3.7,3.55,3.23,,,,,,,,,
13,Northwestern University,2022,172,171,166,3.95,3.89,3.63,167,164,160,165,163,156,5,5,4.5
25,University of Notre Dame,2022,170,168,163,3.89,3.81,3.65,165,163,161,164,160,158,5.5,5,4
147-192,Nova Southeastern University,2022,155,153,150,3.66,3.43,3.17,,,,,,,,,
147-192,Ohio Northern University,2022,151,148,146,3.67,3.42,3.08,,,,,,,,,
30,Ohio State University,2022,166,164,159,3.95,3.86,3.58,,,,,,,,,
147-192,Oklahoma City University,2022,152,148,146,3.65,3.43,3.11,163,158,157,157,152,151,5,5,4.5
88,University of Oklahoma,2022,160,159,155,3.88,3.67,3.37,,,,,,,,,
67,University of Oregon,2022,161,158,155,3.76,3.57,3.37,,,,,,,,,
142,Pace University,2022,154,152,150,3.62,3.39,3.08,,,,,,,,,
58,Pennsylvania State - Dickinson Law,2022,163,161,156,3.8,3.61,3.25,162,162,162,169,160,159,5,3.5,3
64,Pennsylvania State - Penn State Law,2022,163,162,156,3.86,3.72,3.39,149,149,149,148,148,148,4,4,4
6,University of Pennsylvania,2022,173,172,167,3.96,3.9,3.61,168,165,162,169,164,159,5.5,5,4.5
52,Pepperdine University,2022,166,164,159,3.93,3.85,3.54,161,159,157,160,154,151,4.5,4.5,4
78,University of Pittsburgh,2022,163,161,159,3.75,3.55,3.25,,,,,,,,,
Unranked,Pontifical Catholic University Of P.R.,2022,139,135,132,3.49,3.26,2.77,,,,,,,,,
Unranked,University of Puerto Rico,2022,153,147,143,3.88,3.71,3.48,,,,,,,,,
147-192,Quinnipiac University,2022,156,152,149,3.77,3.56,3.3,,,,,,,,,
142,Regent University,2022,160,157,153,3.9,3.63,3.26,,,,,,,,,
52,University of Richmond,2022,165,163,158,3.87,3.75,3.33,,,,,,,,,
147-192,Roger Williams University,2022,154,150,148,3.62,3.33,3.02,,,,,,,,,
86,Rutgers University (merged),2022,160,158,155,3.64,3.41,3.07,,,,,,,,,
98,Saint Louis University,2022,161,156,153,3.8,3.54,3.23,,,,,,,,,
139,Samford University,2022,157,155,152,3.84,3.62,3.36,,,,,,,,,
64,University of San Diego,2022,163,161,157,3.86,3.74,3.45,158,158,158,160,160,160,3,3,3
147-192,University of San Francisco,2022,158,155,152,3.64,3.42,3.04,,,,,,,,,
133,Santa Clara University,2022,160,158,155,3.57,3.42,3.16,,,,,,,,,
116,Seattle University,2022,160,157,152,3.68,3.44,3.11,161,155,155,150,147,146,4,4,4
73,Seton Hall University,2022,162,159,154,3.78,3.62,3.38,157,157,157,161,161,161,5,5,5
84,University of South Carolina,2022,161,159,156,3.83,3.61,3.35,149,147,142,148,145,138,5,4.5,4
133,University of South Dakota,2022,155,151,148,3.72,3.39,3,160,151,150,149,146,145,5.5,4.5,4
147-192,South Texas College Of Law—Houston,2022,156,153,151,3.55,3.3,3,165,157,150,159,155,150,4.5,4,3.5
20,University of Southern California,2022,169,168,165,3.94,3.87,3.76,,,,,,,,,
147-192,Southern Illinois University—Carbondale,2022,153,150,147,3.62,3.35,2.92,,,,,,,,,
58,Southern Methodist University,2022,165,164,160,3.87,3.71,3.35,156,156,155,167,154,151,4.5,4,3.5
147-192,Southern University,2022,148,146,144,3.43,3.13,2.8,,,,,,,,,
147-192,Southwestern Law School,2022,157,154,152,3.58,3.36,3.1,,,,,,,,,
84,St. John's University,2022,164,162,154,3.8,3.66,3.33,166,165,154,159,151,146,5,4,3.5
147-192,St. Mary's University,2022,156,153,150,3.62,3.36,3.03,,,,,,,,,
147-192,St. Thomas University (Florida),2022,155,152,150,3.56,3.32,3.03,,,,,,,,,
127,University of St. Thomas (Minnesota),2022,159,156,152,3.77,3.63,3.32,,,,,,,,,
2,Stanford University,2022,176,173,170,3.99,3.92,3.84,168,167,165,168,165,162,5.5,5,5
111,Stetson University,2022,159,158,156,3.73,3.51,3.28,,,,,,,,,
122,Suffolk University,2022,158,154,150,3.67,3.49,3.2,163,161,155,155,151,151,4.5,4,4
103,Syracuse University,2022,160,157,154,3.74,3.56,3.22,164,162,158,162,157,156,4.5,4,4
63,Temple University,2022,165,163,160,3.74,3.63,3.38,,,,,,,,,
56,University of Tennessee,2022,162,160,156,3.86,3.76,3.45,,,,,,,,,
46,Texas A&M University,2022,166,164,158,3.98,3.93,3.54,157,157,157,143,143,143,4.5,4.5,4.5
17,University of Texas at Austin,2022,171,170,166,3.92,3.84,3.71,163,159,155,160,158,156,5,5,4.5
147-192,Texas Southern University,2022,153,151,149,3.52,3.1,2.77,,,,,,,,,
105,Texas Tech University,2022,160,157,154,3.84,3.64,3.4,,,,,,,,,
147-192,University of Toledo,2022,155,152,149,3.79,3.55,3.23,155,154,144,154,146,144,5,4,3.5
,,2022,153,150,149,3.45,3.11,2.85,157,152,152,153,148,147,5,4,4
55,Tulane University,2022,163,161,157,3.76,3.64,3.42,,,,,,,,,
118,University of Tulsa,2022,158,155,151,3.68,3.43,3.09,,,,,,,,,
94,University of Buffalo—SUNY,2022,159,156,153,3.79,3.61,3.41,161,157,149,156,154,145,4.5,4.5,4
147-192,John Marshall Law School,2022,154,152,149,3.6,3.36,3.05,156,151,149,158,155,149,4.5,4,3.5
147-192,University of Massachusetts Dartmouth,2022,154,152,148,3.68,3.47,3.2,,,,,,,,,
67,University of Nevada—Las Vegas,2022,162,160,155,3.84,3.74,3.42,,,,,,,,,
Unranked,UNT Dallas College Of Law,2022,155,152,150,3.57,3.31,3.09,,,,,,,,,
37,University of Utah,2022,164,163,158,3.96,3.87,3.71,,,,,,,,,
17,Vanderbilt University,2022,170,170,163,3.98,3.9,3.57,169,168,167,169,167,166,5.5,5,4.5
142,Vermont Law School,2022,158,154,149,3.69,3.36,3.09,,,,,,,,,
56,Villanova University,2022,165,163,158,3.88,3.76,3.54,,,,,,,,,
8,University of Virginia,2022,173,171,166,3.99,3.94,3.69,166,164,158,167,165,154,6,5.5,4.5
37,Wake Forest University,2022,166,165,159,3.84,3.72,3.47,165,161,159,163,159,157,5.5,5.5,5
105,Washburn University,2022,157,154,150,3.74,3.5,3.11,155,155,154,151,147,146,4.5,4.5,4
35,Washington and Lee University,2022,166,164,159,3.78,3.66,3.47,168,145,144,159,142,141,6,4.5,4
16,Washington University in St. Louis,2022,173,172,164,4,3.94,3.43,159,159,155,163,153,150,5,5,4
49,University of Washington,2022,166,164,160,3.83,3.7,3.5,,,,,,,,,
58,Wayne State University,2022,163,161,154,3.89,3.8,3.38,,,,,,,,,
118,West Virginia University,2022,158,155,152,3.86,3.68,3.33,,,,,,,,,
147-192,Western Michigan University (Cooley),2022,151,148,146,3.33,3,2.64,,,,,,,,,
147-192,Western New England University,2022,154,150,146,3.7,3.43,3.02,,,,,,,,,
147-192,Western State College Of Law,2022,154,151,150,3.53,3.23,2.99,161,155,141,156,153,146,5.5,4,3
147-192,Widener University—Delaware,2022,152,150,148,3.5,3.26,2.94,,,,,,,,,
147-192,Widener-commonwealth,2022,152,148,146,3.6,3.3,2.95,,,,,,,,,
129,Willamette University,2022,156,154,151,3.67,3.25,3.02,160,150,148,151,151,141,4.5,4,4
30,William & Mary Law School,2022,166,165,160,3.85,3.75,3.5,,,,,,,,,
43,University of Wisconsin,2022,167,165,157,3.85,3.73,3.41,,,,,,,,,
129,University of Wyoming,2022,157,154,152,3.74,3.48,3.21,,,,,,,,,
1,Yale University,2022,178,175,171,3.99,3.94,3.87,170,170,169,170,168,161,6,5.5,5
147-192,Touro College,2022,153,150,149,3.45,3.11,2.85,157,152,152,153,148,147,5,4,4
